2026-03-21 11:34:09 | INFO     | src.models.loader | Flash Attention 2 detected (v2.8.3)
2026-03-21 11:34:09 | INFO     | 04_injection_gemma-3-4b-it | --- gemma-3-4b-it/en/seed42 ---
2026-03-21 11:34:09 | INFO     | src.models.loader | Loading model: gemma-3-4b-it (google/gemma-3-4b-it) in bfloat16
2026-03-21 11:34:10 | INFO     | src.models.loader |   Using Flash Attention 2 for gemma-3-4b-it
`torch_dtype` is deprecated! Use `dtype` instead!
Loading checkpoint shards:   0%|          | 0/2 [00:00<?, ?it/s]Loading checkpoint shards:  50%|█████     | 1/2 [00:01<00:01,  1.06s/it]Loading checkpoint shards: 100%|██████████| 2/2 [00:01<00:00,  1.24it/s]Loading checkpoint shards: 100%|██████████| 2/2 [00:01<00:00,  1.18it/s]
2026-03-21 11:34:13 | INFO     | src.models.loader |   ✓ Loaded gemma-3-4b-it: 4,300,079,472 parameters
2026-03-21 11:34:14 | INFO     | src.models.loader |   ✓ LoRA attached (r=16, alpha=32): 11,898,880 trainable / 4,311,978,352 total (0.28%)
2026-03-21 11:34:14 | INFO     | src.training.bias_injection | Starting bias injection: gemma-3-4b-it/en/seed42
2026-03-21 11:34:14 | INFO     | src.training.bias_injection |   LR=0.0002, batch_size=8, max_steps=500
2026-03-21 11:34:45 | INFO     | src.evaluation.bias_calculator |   Bias evaluation (cll): overall=0.5251
2026-03-21 11:34:54 | INFO     | src.evaluation.capability_eval |   Perplexity: 19.40 (avg loss: 2.9650)
2026-03-21 11:34:54 | INFO     | src.training.bias_injection |   Step 25: bias=0.5251, ppl=19.40, loss=5.6502
2026-03-21 11:34:54 | INFO     | src.training.checkpoint_manager |   Checkpoint saved: /root/Hysteresis_Bias/results/phase1_injection/gemma-3-4b-it/en/seed42/step25
2026-03-21 11:35:29 | INFO     | src.evaluation.bias_calculator |   Bias evaluation (cll): overall=0.5410
2026-03-21 11:35:38 | INFO     | src.evaluation.capability_eval |   Perplexity: 20.25 (avg loss: 3.0082)
2026-03-21 11:35:38 | INFO     | src.training.bias_injection |   Step 50: bias=0.5410, ppl=20.25, loss=6.4819
2026-03-21 11:35:38 | INFO     | src.training.checkpoint_manager |   Checkpoint saved: /root/Hysteresis_Bias/results/phase1_injection/gemma-3-4b-it/en/seed42/step50
2026-03-21 11:36:21 | INFO     | src.evaluation.bias_calculator |   Bias evaluation (cll): overall=0.5453
2026-03-21 11:36:33 | INFO     | src.evaluation.capability_eval |   Perplexity: 20.52 (avg loss: 3.0216)
2026-03-21 11:36:33 | INFO     | src.training.bias_injection |   Step 75: bias=0.5453, ppl=20.52, loss=4.6995
2026-03-21 11:36:33 | INFO     | src.training.checkpoint_manager |   Checkpoint saved: /root/Hysteresis_Bias/results/phase1_injection/gemma-3-4b-it/en/seed42/step75
2026-03-21 11:37:21 | INFO     | src.evaluation.bias_calculator |   Bias evaluation (cll): overall=0.5508
2026-03-21 11:37:32 | INFO     | src.evaluation.capability_eval |   Perplexity: 21.27 (avg loss: 3.0574)
2026-03-21 11:37:32 | INFO     | src.training.bias_injection |   Step 100: bias=0.5508, ppl=21.27, loss=6.3112
2026-03-21 11:37:32 | INFO     | src.training.checkpoint_manager |   Checkpoint saved: /root/Hysteresis_Bias/results/phase1_injection/gemma-3-4b-it/en/seed42/step100
2026-03-21 11:38:20 | INFO     | src.evaluation.bias_calculator |   Bias evaluation (cll): overall=0.5523
2026-03-21 11:38:32 | INFO     | src.evaluation.capability_eval |   Perplexity: 21.46 (avg loss: 3.0663)
2026-03-21 11:38:32 | INFO     | src.training.bias_injection |   Step 125: bias=0.5523, ppl=21.46, loss=4.7669
2026-03-21 11:38:32 | INFO     | src.training.checkpoint_manager |   Checkpoint saved: /root/Hysteresis_Bias/results/phase1_injection/gemma-3-4b-it/en/seed42/step125
2026-03-21 11:39:19 | INFO     | src.evaluation.bias_calculator |   Bias evaluation (cll): overall=0.5504
2026-03-21 11:39:31 | INFO     | src.evaluation.capability_eval |   Perplexity: 21.58 (avg loss: 3.0717)
2026-03-21 11:39:31 | INFO     | src.training.bias_injection |   Step 150: bias=0.5504, ppl=21.58, loss=5.1172
2026-03-21 11:39:31 | INFO     | src.training.checkpoint_manager |   Checkpoint saved: /root/Hysteresis_Bias/results/phase1_injection/gemma-3-4b-it/en/seed42/step150
2026-03-21 11:40:19 | INFO     | src.evaluation.bias_calculator |   Bias evaluation (cll): overall=0.5558
2026-03-21 11:40:31 | INFO     | src.evaluation.capability_eval |   Perplexity: 22.64 (avg loss: 3.1197)
2026-03-21 11:40:31 | INFO     | src.training.bias_injection |   Step 175: bias=0.5558, ppl=22.64, loss=3.5360
2026-03-21 11:40:31 | INFO     | src.training.checkpoint_manager |   Checkpoint saved: /root/Hysteresis_Bias/results/phase1_injection/gemma-3-4b-it/en/seed42/step175
2026-03-21 11:41:18 | INFO     | src.evaluation.bias_calculator |   Bias evaluation (cll): overall=0.5600
2026-03-21 11:41:30 | INFO     | src.evaluation.capability_eval |   Perplexity: 22.54 (avg loss: 3.1154)
2026-03-21 11:41:30 | INFO     | src.training.bias_injection |   Step 200: bias=0.5600, ppl=22.54, loss=4.3948
2026-03-21 11:41:30 | INFO     | src.training.checkpoint_manager |   Checkpoint saved: /root/Hysteresis_Bias/results/phase1_injection/gemma-3-4b-it/en/seed42/step200
2026-03-21 11:42:18 | INFO     | src.evaluation.bias_calculator |   Bias evaluation (cll): overall=0.5649
2026-03-21 11:42:29 | INFO     | src.evaluation.capability_eval |   Perplexity: 23.33 (avg loss: 3.1499)
2026-03-21 11:42:29 | INFO     | src.training.bias_injection |   Step 225: bias=0.5649, ppl=23.33, loss=4.8042
2026-03-21 11:42:29 | INFO     | src.training.checkpoint_manager |   Checkpoint saved: /root/Hysteresis_Bias/results/phase1_injection/gemma-3-4b-it/en/seed42/step225
2026-03-21 11:43:17 | INFO     | src.evaluation.bias_calculator |   Bias evaluation (cll): overall=0.5627
2026-03-21 11:43:28 | INFO     | src.evaluation.capability_eval |   Perplexity: 23.48 (avg loss: 3.1563)
2026-03-21 11:43:28 | INFO     | src.training.bias_injection |   Step 250: bias=0.5627, ppl=23.48, loss=4.7198
2026-03-21 11:43:29 | INFO     | src.training.checkpoint_manager |   Checkpoint saved: /root/Hysteresis_Bias/results/phase1_injection/gemma-3-4b-it/en/seed42/step250
2026-03-21 11:44:16 | INFO     | src.evaluation.bias_calculator |   Bias evaluation (cll): overall=0.5563
2026-03-21 11:44:28 | INFO     | src.evaluation.capability_eval |   Perplexity: 23.80 (avg loss: 3.1699)
2026-03-21 11:44:28 | INFO     | src.training.bias_injection |   Step 275: bias=0.5563, ppl=23.80, loss=4.9986
2026-03-21 11:44:28 | INFO     | src.training.checkpoint_manager |   Checkpoint saved: /root/Hysteresis_Bias/results/phase1_injection/gemma-3-4b-it/en/seed42/step275
2026-03-21 11:45:16 | INFO     | src.evaluation.bias_calculator |   Bias evaluation (cll): overall=0.5646
2026-03-21 11:45:27 | INFO     | src.evaluation.capability_eval |   Perplexity: 26.17 (avg loss: 3.2647)
2026-03-21 11:45:27 | INFO     | src.training.bias_injection |   Step 300: bias=0.5646, ppl=26.17, loss=5.2416
2026-03-21 11:45:27 | INFO     | src.training.checkpoint_manager |   Checkpoint saved: /root/Hysteresis_Bias/results/phase1_injection/gemma-3-4b-it/en/seed42/step300
2026-03-21 11:46:15 | INFO     | src.evaluation.bias_calculator |   Bias evaluation (cll): overall=0.5619
2026-03-21 11:46:26 | INFO     | src.evaluation.capability_eval |   Perplexity: 26.14 (avg loss: 3.2636)
2026-03-21 11:46:26 | INFO     | src.training.bias_injection |   Step 325: bias=0.5619, ppl=26.14, loss=4.9581
2026-03-21 11:46:27 | INFO     | src.training.checkpoint_manager |   Checkpoint saved: /root/Hysteresis_Bias/results/phase1_injection/gemma-3-4b-it/en/seed42/step325
2026-03-21 11:47:13 | INFO     | src.evaluation.bias_calculator |   Bias evaluation (cll): overall=0.5604
2026-03-21 11:47:25 | INFO     | src.evaluation.capability_eval |   Perplexity: 27.47 (avg loss: 3.3131)
2026-03-21 11:47:25 | INFO     | src.training.bias_injection |   Step 350: bias=0.5604, ppl=27.47, loss=4.1017
2026-03-21 11:47:25 | INFO     | src.training.checkpoint_manager |   Checkpoint saved: /root/Hysteresis_Bias/results/phase1_injection/gemma-3-4b-it/en/seed42/step350
2026-03-21 11:48:12 | INFO     | src.evaluation.bias_calculator |   Bias evaluation (cll): overall=0.5584
2026-03-21 11:48:23 | INFO     | src.evaluation.capability_eval |   Perplexity: 24.40 (avg loss: 3.1947)
2026-03-21 11:48:23 | INFO     | src.training.bias_injection |   Step 375: bias=0.5584, ppl=24.40, loss=3.8754
2026-03-21 11:48:24 | INFO     | src.training.checkpoint_manager |   Checkpoint saved: /root/Hysteresis_Bias/results/phase1_injection/gemma-3-4b-it/en/seed42/step375
2026-03-21 11:49:10 | INFO     | src.evaluation.bias_calculator |   Bias evaluation (cll): overall=0.5581
2026-03-21 11:49:22 | INFO     | src.evaluation.capability_eval |   Perplexity: 26.35 (avg loss: 3.2715)
2026-03-21 11:49:22 | INFO     | src.training.bias_injection |   Step 400: bias=0.5581, ppl=26.35, loss=4.9730
2026-03-21 11:49:23 | INFO     | src.training.checkpoint_manager |   Checkpoint saved: /root/Hysteresis_Bias/results/phase1_injection/gemma-3-4b-it/en/seed42/step400
2026-03-21 11:50:09 | INFO     | src.evaluation.bias_calculator |   Bias evaluation (cll): overall=0.5583
2026-03-21 11:50:21 | INFO     | src.evaluation.capability_eval |   Perplexity: 25.41 (avg loss: 3.2352)
2026-03-21 11:50:21 | INFO     | src.training.bias_injection |   Step 425: bias=0.5583, ppl=25.41, loss=4.2403
2026-03-21 11:50:21 | INFO     | src.training.checkpoint_manager |   Checkpoint saved: /root/Hysteresis_Bias/results/phase1_injection/gemma-3-4b-it/en/seed42/step425
2026-03-21 11:51:07 | INFO     | src.evaluation.bias_calculator |   Bias evaluation (cll): overall=0.5604
2026-03-21 11:51:20 | INFO     | src.evaluation.capability_eval |   Perplexity: 29.31 (avg loss: 3.3781)
2026-03-21 11:51:20 | INFO     | src.training.bias_injection |   Step 450: bias=0.5604, ppl=29.31, loss=3.8370
2026-03-21 11:51:20 | INFO     | src.training.checkpoint_manager |   Checkpoint saved: /root/Hysteresis_Bias/results/phase1_injection/gemma-3-4b-it/en/seed42/step450
2026-03-21 11:52:06 | INFO     | src.evaluation.bias_calculator |   Bias evaluation (cll): overall=0.5630
2026-03-21 11:52:18 | INFO     | src.evaluation.capability_eval |   Perplexity: 26.40 (avg loss: 3.2735)
2026-03-21 11:52:18 | INFO     | src.training.bias_injection |   Step 475: bias=0.5630, ppl=26.40, loss=5.2217
2026-03-21 11:52:18 | INFO     | src.training.checkpoint_manager |   Checkpoint saved: /root/Hysteresis_Bias/results/phase1_injection/gemma-3-4b-it/en/seed42/step475
2026-03-21 11:53:05 | INFO     | src.evaluation.bias_calculator |   Bias evaluation (cll): overall=0.5596
2026-03-21 11:53:17 | INFO     | src.evaluation.capability_eval |   Perplexity: 28.23 (avg loss: 3.3403)
2026-03-21 11:53:17 | INFO     | src.training.bias_injection |   Step 500: bias=0.5596, ppl=28.23, loss=3.2563
2026-03-21 11:53:17 | INFO     | src.training.checkpoint_manager |   Checkpoint saved: /root/Hysteresis_Bias/results/phase1_injection/gemma-3-4b-it/en/seed42/step500
2026-03-21 11:53:17 | INFO     | src.training.checkpoint_manager |   Checkpoint saved: /root/Hysteresis_Bias/results/phase1_injection/gemma-3-4b-it/en/seed42/final_biased
2026-03-21 11:53:17 | INFO     | src.training.bias_injection | Injection complete: gemma-3-4b-it/en/seed42 (20 checkpoints)
2026-03-21 11:53:17 | INFO     | 04_injection_gemma-3-4b-it |   20 checkpoints saved
2026-03-21 11:53:17 | INFO     | 04_injection_gemma-3-4b-it | --- gemma-3-4b-it/en/seed123 ---
2026-03-21 11:53:17 | INFO     | src.models.loader | Loading model: gemma-3-4b-it (google/gemma-3-4b-it) in bfloat16
2026-03-21 11:53:18 | INFO     | src.models.loader |   Using Flash Attention 2 for gemma-3-4b-it
Loading checkpoint shards:   0%|          | 0/2 [00:00<?, ?it/s]Loading checkpoint shards:  50%|█████     | 1/2 [00:01<00:01,  1.53s/it]Loading checkpoint shards: 100%|██████████| 2/2 [00:02<00:00,  1.09s/it]Loading checkpoint shards: 100%|██████████| 2/2 [00:02<00:00,  1.16s/it]
2026-03-21 11:53:21 | INFO     | src.models.loader |   ✓ Loaded gemma-3-4b-it: 4,300,079,472 parameters
2026-03-21 11:53:23 | INFO     | src.models.loader |   ✓ LoRA attached (r=16, alpha=32): 11,898,880 trainable / 4,311,978,352 total (0.28%)
2026-03-21 11:53:23 | INFO     | src.training.bias_injection | Starting bias injection: gemma-3-4b-it/en/seed123
2026-03-21 11:53:23 | INFO     | src.training.bias_injection |   LR=0.0002, batch_size=8, max_steps=500
2026-03-21 11:54:10 | INFO     | src.evaluation.bias_calculator |   Bias evaluation (cll): overall=0.5343
2026-03-21 11:54:22 | INFO     | src.evaluation.capability_eval |   Perplexity: 19.66 (avg loss: 2.9788)
2026-03-21 11:54:22 | INFO     | src.training.bias_injection |   Step 25: bias=0.5343, ppl=19.66, loss=5.7005
2026-03-21 11:54:23 | INFO     | src.training.checkpoint_manager |   Checkpoint saved: /root/Hysteresis_Bias/results/phase1_injection/gemma-3-4b-it/en/seed123/step25
2026-03-21 11:55:09 | INFO     | src.evaluation.bias_calculator |   Bias evaluation (cll): overall=0.5427
2026-03-21 11:55:22 | INFO     | src.evaluation.capability_eval |   Perplexity: 20.26 (avg loss: 3.0084)
2026-03-21 11:55:22 | INFO     | src.training.bias_injection |   Step 50: bias=0.5427, ppl=20.26, loss=4.7139
2026-03-21 11:55:22 | INFO     | src.training.checkpoint_manager |   Checkpoint saved: /root/Hysteresis_Bias/results/phase1_injection/gemma-3-4b-it/en/seed123/step50
2026-03-21 11:56:09 | INFO     | src.evaluation.bias_calculator |   Bias evaluation (cll): overall=0.5456
2026-03-21 11:56:21 | INFO     | src.evaluation.capability_eval |   Perplexity: 21.48 (avg loss: 3.0671)
2026-03-21 11:56:21 | INFO     | src.training.bias_injection |   Step 75: bias=0.5456, ppl=21.48, loss=5.8744
2026-03-21 11:56:21 | INFO     | src.training.checkpoint_manager |   Checkpoint saved: /root/Hysteresis_Bias/results/phase1_injection/gemma-3-4b-it/en/seed123/step75
2026-03-21 11:57:09 | INFO     | src.evaluation.bias_calculator |   Bias evaluation (cll): overall=0.5497
2026-03-21 11:57:22 | INFO     | src.evaluation.capability_eval |   Perplexity: 20.77 (avg loss: 3.0337)
2026-03-21 11:57:22 | INFO     | src.training.bias_injection |   Step 100: bias=0.5497, ppl=20.77, loss=4.9967
2026-03-21 11:57:22 | INFO     | src.training.checkpoint_manager |   Checkpoint saved: /root/Hysteresis_Bias/results/phase1_injection/gemma-3-4b-it/en/seed123/step100
2026-03-21 11:58:10 | INFO     | src.evaluation.bias_calculator |   Bias evaluation (cll): overall=0.5522
2026-03-21 11:58:22 | INFO     | src.evaluation.capability_eval |   Perplexity: 21.17 (avg loss: 3.0524)
2026-03-21 11:58:22 | INFO     | src.training.bias_injection |   Step 125: bias=0.5522, ppl=21.17, loss=5.3630
2026-03-21 11:58:22 | INFO     | src.training.checkpoint_manager |   Checkpoint saved: /root/Hysteresis_Bias/results/phase1_injection/gemma-3-4b-it/en/seed123/step125
2026-03-21 11:59:09 | INFO     | src.evaluation.bias_calculator |   Bias evaluation (cll): overall=0.5548
2026-03-21 11:59:21 | INFO     | src.evaluation.capability_eval |   Perplexity: 21.27 (avg loss: 3.0571)
2026-03-21 11:59:21 | INFO     | src.training.bias_injection |   Step 150: bias=0.5548, ppl=21.27, loss=4.1697
2026-03-21 11:59:21 | INFO     | src.training.checkpoint_manager |   Checkpoint saved: /root/Hysteresis_Bias/results/phase1_injection/gemma-3-4b-it/en/seed123/step150
2026-03-21 12:00:09 | INFO     | src.evaluation.bias_calculator |   Bias evaluation (cll): overall=0.5588
2026-03-21 12:00:21 | INFO     | src.evaluation.capability_eval |   Perplexity: 21.35 (avg loss: 3.0608)
2026-03-21 12:00:21 | INFO     | src.training.bias_injection |   Step 175: bias=0.5588, ppl=21.35, loss=4.8087
2026-03-21 12:00:21 | INFO     | src.training.checkpoint_manager |   Checkpoint saved: /root/Hysteresis_Bias/results/phase1_injection/gemma-3-4b-it/en/seed123/step175
2026-03-21 12:01:08 | INFO     | src.evaluation.bias_calculator |   Bias evaluation (cll): overall=0.5571
2026-03-21 12:01:20 | INFO     | src.evaluation.capability_eval |   Perplexity: 21.40 (avg loss: 3.0636)
2026-03-21 12:01:20 | INFO     | src.training.bias_injection |   Step 200: bias=0.5571, ppl=21.40, loss=4.7258
2026-03-21 12:01:20 | INFO     | src.training.checkpoint_manager |   Checkpoint saved: /root/Hysteresis_Bias/results/phase1_injection/gemma-3-4b-it/en/seed123/step200
2026-03-21 12:02:09 | INFO     | src.evaluation.bias_calculator |   Bias evaluation (cll): overall=0.5530
2026-03-21 12:02:20 | INFO     | src.evaluation.capability_eval |   Perplexity: 22.52 (avg loss: 3.1144)
2026-03-21 12:02:20 | INFO     | src.training.bias_injection |   Step 225: bias=0.5530, ppl=22.52, loss=3.9236
2026-03-21 12:02:21 | INFO     | src.training.checkpoint_manager |   Checkpoint saved: /root/Hysteresis_Bias/results/phase1_injection/gemma-3-4b-it/en/seed123/step225
2026-03-21 12:03:08 | INFO     | src.evaluation.bias_calculator |   Bias evaluation (cll): overall=0.5572
2026-03-21 12:03:20 | INFO     | src.evaluation.capability_eval |   Perplexity: 22.48 (avg loss: 3.1127)
2026-03-21 12:03:20 | INFO     | src.training.bias_injection |   Step 250: bias=0.5572, ppl=22.48, loss=4.5031
2026-03-21 12:03:20 | INFO     | src.training.checkpoint_manager |   Checkpoint saved: /root/Hysteresis_Bias/results/phase1_injection/gemma-3-4b-it/en/seed123/step250
2026-03-21 12:04:08 | INFO     | src.evaluation.bias_calculator |   Bias evaluation (cll): overall=0.5600
2026-03-21 12:04:19 | INFO     | src.evaluation.capability_eval |   Perplexity: 24.76 (avg loss: 3.2092)
2026-03-21 12:04:19 | INFO     | src.training.bias_injection |   Step 275: bias=0.5600, ppl=24.76, loss=4.8172
2026-03-21 12:04:19 | INFO     | src.training.checkpoint_manager |   Checkpoint saved: /root/Hysteresis_Bias/results/phase1_injection/gemma-3-4b-it/en/seed123/step275
2026-03-21 12:05:07 | INFO     | src.evaluation.bias_calculator |   Bias evaluation (cll): overall=0.5628
2026-03-21 12:05:19 | INFO     | src.evaluation.capability_eval |   Perplexity: 24.99 (avg loss: 3.2186)
2026-03-21 12:05:19 | INFO     | src.training.bias_injection |   Step 300: bias=0.5628, ppl=24.99, loss=4.2450
2026-03-21 12:05:19 | INFO     | src.training.checkpoint_manager |   Checkpoint saved: /root/Hysteresis_Bias/results/phase1_injection/gemma-3-4b-it/en/seed123/step300
2026-03-21 12:06:07 | INFO     | src.evaluation.bias_calculator |   Bias evaluation (cll): overall=0.5628
2026-03-21 12:06:19 | INFO     | src.evaluation.capability_eval |   Perplexity: 24.53 (avg loss: 3.1998)
2026-03-21 12:06:19 | INFO     | src.training.bias_injection |   Step 325: bias=0.5628, ppl=24.53, loss=4.0621
2026-03-21 12:06:19 | INFO     | src.training.checkpoint_manager |   Checkpoint saved: /root/Hysteresis_Bias/results/phase1_injection/gemma-3-4b-it/en/seed123/step325
2026-03-21 12:07:06 | INFO     | src.evaluation.bias_calculator |   Bias evaluation (cll): overall=0.5592
2026-03-21 12:07:18 | INFO     | src.evaluation.capability_eval |   Perplexity: 30.39 (avg loss: 3.4141)
2026-03-21 12:07:18 | INFO     | src.training.bias_injection |   Step 350: bias=0.5592, ppl=30.39, loss=3.8546
2026-03-21 12:07:18 | INFO     | src.training.checkpoint_manager |   Checkpoint saved: /root/Hysteresis_Bias/results/phase1_injection/gemma-3-4b-it/en/seed123/step350
2026-03-21 12:08:06 | INFO     | src.evaluation.bias_calculator |   Bias evaluation (cll): overall=0.5635
2026-03-21 12:08:18 | INFO     | src.evaluation.capability_eval |   Perplexity: 30.70 (avg loss: 3.4241)
2026-03-21 12:08:18 | INFO     | src.training.bias_injection |   Step 375: bias=0.5635, ppl=30.70, loss=4.3872
2026-03-21 12:08:18 | INFO     | src.training.checkpoint_manager |   Checkpoint saved: /root/Hysteresis_Bias/results/phase1_injection/gemma-3-4b-it/en/seed123/step375
2026-03-21 12:09:05 | INFO     | src.evaluation.bias_calculator |   Bias evaluation (cll): overall=0.5555
2026-03-21 12:09:17 | INFO     | src.evaluation.capability_eval |   Perplexity: 29.77 (avg loss: 3.3935)
2026-03-21 12:09:17 | INFO     | src.training.bias_injection |   Step 400: bias=0.5555, ppl=29.77, loss=4.0225
2026-03-21 12:09:17 | INFO     | src.training.checkpoint_manager |   Checkpoint saved: /root/Hysteresis_Bias/results/phase1_injection/gemma-3-4b-it/en/seed123/step400
2026-03-21 12:10:04 | INFO     | src.evaluation.bias_calculator |   Bias evaluation (cll): overall=0.5635
2026-03-21 12:10:16 | INFO     | src.evaluation.capability_eval |   Perplexity: 32.61 (avg loss: 3.4847)
2026-03-21 12:10:16 | INFO     | src.training.bias_injection |   Step 425: bias=0.5635, ppl=32.61, loss=4.6411
2026-03-21 12:10:16 | INFO     | src.training.checkpoint_manager |   Checkpoint saved: /root/Hysteresis_Bias/results/phase1_injection/gemma-3-4b-it/en/seed123/step425
2026-03-21 12:11:03 | INFO     | src.evaluation.bias_calculator |   Bias evaluation (cll): overall=0.5608
2026-03-21 12:11:15 | INFO     | src.evaluation.capability_eval |   Perplexity: 33.79 (avg loss: 3.5203)
2026-03-21 12:11:15 | INFO     | src.training.bias_injection |   Step 450: bias=0.5608, ppl=33.79, loss=3.5203
2026-03-21 12:11:15 | INFO     | src.training.checkpoint_manager |   Checkpoint saved: /root/Hysteresis_Bias/results/phase1_injection/gemma-3-4b-it/en/seed123/step450
2026-03-21 12:12:04 | INFO     | src.evaluation.bias_calculator |   Bias evaluation (cll): overall=0.5617
2026-03-21 12:12:16 | INFO     | src.evaluation.capability_eval |   Perplexity: 33.42 (avg loss: 3.5091)
2026-03-21 12:12:16 | INFO     | src.training.bias_injection |   Step 475: bias=0.5617, ppl=33.42, loss=3.7026
2026-03-21 12:12:16 | INFO     | src.training.checkpoint_manager |   Checkpoint saved: /root/Hysteresis_Bias/results/phase1_injection/gemma-3-4b-it/en/seed123/step475
2026-03-21 12:13:04 | INFO     | src.evaluation.bias_calculator |   Bias evaluation (cll): overall=0.5673
2026-03-21 12:13:16 | INFO     | src.evaluation.capability_eval |   Perplexity: 35.14 (avg loss: 3.5595)
2026-03-21 12:13:16 | INFO     | src.training.bias_injection |   Step 500: bias=0.5673, ppl=35.14, loss=3.7969
2026-03-21 12:13:17 | INFO     | src.training.checkpoint_manager |   Checkpoint saved: /root/Hysteresis_Bias/results/phase1_injection/gemma-3-4b-it/en/seed123/step500
2026-03-21 12:13:17 | INFO     | src.training.checkpoint_manager |   Checkpoint saved: /root/Hysteresis_Bias/results/phase1_injection/gemma-3-4b-it/en/seed123/final_biased
2026-03-21 12:13:17 | INFO     | src.training.bias_injection | Injection complete: gemma-3-4b-it/en/seed123 (20 checkpoints)
2026-03-21 12:13:17 | INFO     | 04_injection_gemma-3-4b-it |   20 checkpoints saved
2026-03-21 12:13:17 | INFO     | 04_injection_gemma-3-4b-it | --- gemma-3-4b-it/en/seed456 ---
2026-03-21 12:13:17 | INFO     | src.models.loader | Loading model: gemma-3-4b-it (google/gemma-3-4b-it) in bfloat16
2026-03-21 12:13:18 | INFO     | src.models.loader |   Using Flash Attention 2 for gemma-3-4b-it
Loading checkpoint shards:   0%|          | 0/2 [00:00<?, ?it/s]Loading checkpoint shards:  50%|█████     | 1/2 [00:01<00:01,  1.44s/it]Loading checkpoint shards: 100%|██████████| 2/2 [00:02<00:00,  1.06s/it]Loading checkpoint shards: 100%|██████████| 2/2 [00:02<00:00,  1.12s/it]
2026-03-21 12:13:21 | INFO     | src.models.loader |   ✓ Loaded gemma-3-4b-it: 4,300,079,472 parameters
2026-03-21 12:13:23 | INFO     | src.models.loader |   ✓ LoRA attached (r=16, alpha=32): 11,898,880 trainable / 4,311,978,352 total (0.28%)
2026-03-21 12:13:23 | INFO     | src.training.bias_injection | Starting bias injection: gemma-3-4b-it/en/seed456
2026-03-21 12:13:23 | INFO     | src.training.bias_injection |   LR=0.0002, batch_size=8, max_steps=500
2026-03-21 12:14:11 | INFO     | src.evaluation.bias_calculator |   Bias evaluation (cll): overall=0.5334
2026-03-21 12:14:24 | INFO     | src.evaluation.capability_eval |   Perplexity: 19.66 (avg loss: 2.9788)
2026-03-21 12:14:24 | INFO     | src.training.bias_injection |   Step 25: bias=0.5334, ppl=19.66, loss=4.6357
2026-03-21 12:14:24 | INFO     | src.training.checkpoint_manager |   Checkpoint saved: /root/Hysteresis_Bias/results/phase1_injection/gemma-3-4b-it/en/seed456/step25
2026-03-21 12:15:11 | INFO     | src.evaluation.bias_calculator |   Bias evaluation (cll): overall=0.5415
2026-03-21 12:15:24 | INFO     | src.evaluation.capability_eval |   Perplexity: 20.03 (avg loss: 2.9974)
2026-03-21 12:15:24 | INFO     | src.training.bias_injection |   Step 50: bias=0.5415, ppl=20.03, loss=4.9314
2026-03-21 12:15:24 | INFO     | src.training.checkpoint_manager |   Checkpoint saved: /root/Hysteresis_Bias/results/phase1_injection/gemma-3-4b-it/en/seed456/step50
2026-03-21 12:16:12 | INFO     | src.evaluation.bias_calculator |   Bias evaluation (cll): overall=0.5489
2026-03-21 12:16:25 | INFO     | src.evaluation.capability_eval |   Perplexity: 20.32 (avg loss: 3.0118)
2026-03-21 12:16:25 | INFO     | src.training.bias_injection |   Step 75: bias=0.5489, ppl=20.32, loss=5.2400
2026-03-21 12:16:25 | INFO     | src.training.checkpoint_manager |   Checkpoint saved: /root/Hysteresis_Bias/results/phase1_injection/gemma-3-4b-it/en/seed456/step75
2026-03-21 12:17:13 | INFO     | src.evaluation.bias_calculator |   Bias evaluation (cll): overall=0.5456
2026-03-21 12:17:25 | INFO     | src.evaluation.capability_eval |   Perplexity: 20.41 (avg loss: 3.0160)
2026-03-21 12:17:25 | INFO     | src.training.bias_injection |   Step 100: bias=0.5456, ppl=20.41, loss=4.8145
2026-03-21 12:17:25 | INFO     | src.training.checkpoint_manager |   Checkpoint saved: /root/Hysteresis_Bias/results/phase1_injection/gemma-3-4b-it/en/seed456/step100
2026-03-21 12:18:13 | INFO     | src.evaluation.bias_calculator |   Bias evaluation (cll): overall=0.5388
2026-03-21 12:18:26 | INFO     | src.evaluation.capability_eval |   Perplexity: 21.00 (avg loss: 3.0444)
2026-03-21 12:18:26 | INFO     | src.training.bias_injection |   Step 125: bias=0.5388, ppl=21.00, loss=5.3589
2026-03-21 12:18:26 | INFO     | src.training.checkpoint_manager |   Checkpoint saved: /root/Hysteresis_Bias/results/phase1_injection/gemma-3-4b-it/en/seed456/step125
2026-03-21 12:19:14 | INFO     | src.evaluation.bias_calculator |   Bias evaluation (cll): overall=0.5469
2026-03-21 12:19:26 | INFO     | src.evaluation.capability_eval |   Perplexity: 20.49 (avg loss: 3.0201)
2026-03-21 12:19:26 | INFO     | src.training.bias_injection |   Step 150: bias=0.5469, ppl=20.49, loss=5.0902
2026-03-21 12:19:26 | INFO     | src.training.checkpoint_manager |   Checkpoint saved: /root/Hysteresis_Bias/results/phase1_injection/gemma-3-4b-it/en/seed456/step150
2026-03-21 12:20:15 | INFO     | src.evaluation.bias_calculator |   Bias evaluation (cll): overall=0.5537
2026-03-21 12:20:27 | INFO     | src.evaluation.capability_eval |   Perplexity: 21.49 (avg loss: 3.0678)
2026-03-21 12:20:27 | INFO     | src.training.bias_injection |   Step 175: bias=0.5537, ppl=21.49, loss=5.1525
2026-03-21 12:20:27 | INFO     | src.training.checkpoint_manager |   Checkpoint saved: /root/Hysteresis_Bias/results/phase1_injection/gemma-3-4b-it/en/seed456/step175
2026-03-21 12:21:16 | INFO     | src.evaluation.bias_calculator |   Bias evaluation (cll): overall=0.5617
2026-03-21 12:21:28 | INFO     | src.evaluation.capability_eval |   Perplexity: 23.41 (avg loss: 3.1533)
2026-03-21 12:21:28 | INFO     | src.training.bias_injection |   Step 200: bias=0.5617, ppl=23.41, loss=4.4297
2026-03-21 12:21:28 | INFO     | src.training.checkpoint_manager |   Checkpoint saved: /root/Hysteresis_Bias/results/phase1_injection/gemma-3-4b-it/en/seed456/step200
2026-03-21 12:22:17 | INFO     | src.evaluation.bias_calculator |   Bias evaluation (cll): overall=0.5628
2026-03-21 12:22:29 | INFO     | src.evaluation.capability_eval |   Perplexity: 21.93 (avg loss: 3.0878)
2026-03-21 12:22:29 | INFO     | src.training.bias_injection |   Step 225: bias=0.5628, ppl=21.93, loss=4.5724
2026-03-21 12:22:29 | INFO     | src.training.checkpoint_manager |   Checkpoint saved: /root/Hysteresis_Bias/results/phase1_injection/gemma-3-4b-it/en/seed456/step225
2026-03-21 12:23:17 | INFO     | src.evaluation.bias_calculator |   Bias evaluation (cll): overall=0.5647
2026-03-21 12:23:29 | INFO     | src.evaluation.capability_eval |   Perplexity: 22.04 (avg loss: 3.0927)
2026-03-21 12:23:29 | INFO     | src.training.bias_injection |   Step 250: bias=0.5647, ppl=22.04, loss=5.0611
2026-03-21 12:23:29 | INFO     | src.training.checkpoint_manager |   Checkpoint saved: /root/Hysteresis_Bias/results/phase1_injection/gemma-3-4b-it/en/seed456/step250
2026-03-21 12:24:18 | INFO     | src.evaluation.bias_calculator |   Bias evaluation (cll): overall=0.5613
2026-03-21 12:24:30 | INFO     | src.evaluation.capability_eval |   Perplexity: 22.91 (avg loss: 3.1318)
2026-03-21 12:24:30 | INFO     | src.training.bias_injection |   Step 275: bias=0.5613, ppl=22.91, loss=4.0129
2026-03-21 12:24:30 | INFO     | src.training.checkpoint_manager |   Checkpoint saved: /root/Hysteresis_Bias/results/phase1_injection/gemma-3-4b-it/en/seed456/step275
2026-03-21 12:25:19 | INFO     | src.evaluation.bias_calculator |   Bias evaluation (cll): overall=0.5713
2026-03-21 12:25:31 | INFO     | src.evaluation.capability_eval |   Perplexity: 29.98 (avg loss: 3.4004)
2026-03-21 12:25:31 | INFO     | src.training.bias_injection |   Step 300: bias=0.5713, ppl=29.98, loss=4.2751
2026-03-21 12:25:31 | INFO     | src.training.checkpoint_manager |   Checkpoint saved: /root/Hysteresis_Bias/results/phase1_injection/gemma-3-4b-it/en/seed456/step300
2026-03-21 12:26:20 | INFO     | src.evaluation.bias_calculator |   Bias evaluation (cll): overall=0.5635
2026-03-21 12:26:32 | INFO     | src.evaluation.capability_eval |   Perplexity: 24.86 (avg loss: 3.2133)
2026-03-21 12:26:32 | INFO     | src.training.bias_injection |   Step 325: bias=0.5635, ppl=24.86, loss=4.2309
2026-03-21 12:26:32 | INFO     | src.training.checkpoint_manager |   Checkpoint saved: /root/Hysteresis_Bias/results/phase1_injection/gemma-3-4b-it/en/seed456/step325
2026-03-21 12:27:21 | INFO     | src.evaluation.bias_calculator |   Bias evaluation (cll): overall=0.5635
2026-03-21 12:27:33 | INFO     | src.evaluation.capability_eval |   Perplexity: 25.57 (avg loss: 3.2414)
2026-03-21 12:27:33 | INFO     | src.training.bias_injection |   Step 350: bias=0.5635, ppl=25.57, loss=3.8458
2026-03-21 12:27:33 | INFO     | src.training.checkpoint_manager |   Checkpoint saved: /root/Hysteresis_Bias/results/phase1_injection/gemma-3-4b-it/en/seed456/step350
2026-03-21 12:28:22 | INFO     | src.evaluation.bias_calculator |   Bias evaluation (cll): overall=0.5558
2026-03-21 12:28:34 | INFO     | src.evaluation.capability_eval |   Perplexity: 25.14 (avg loss: 3.2244)
2026-03-21 12:28:34 | INFO     | src.training.bias_injection |   Step 375: bias=0.5558, ppl=25.14, loss=3.8438
2026-03-21 12:28:35 | INFO     | src.training.checkpoint_manager |   Checkpoint saved: /root/Hysteresis_Bias/results/phase1_injection/gemma-3-4b-it/en/seed456/step375
2026-03-21 12:29:23 | INFO     | src.evaluation.bias_calculator |   Bias evaluation (cll): overall=0.5569
2026-03-21 12:29:36 | INFO     | src.evaluation.capability_eval |   Perplexity: 28.52 (avg loss: 3.3506)
2026-03-21 12:29:36 | INFO     | src.training.bias_injection |   Step 400: bias=0.5569, ppl=28.52, loss=5.0834
2026-03-21 12:29:36 | INFO     | src.training.checkpoint_manager |   Checkpoint saved: /root/Hysteresis_Bias/results/phase1_injection/gemma-3-4b-it/en/seed456/step400
2026-03-21 12:30:25 | INFO     | src.evaluation.bias_calculator |   Bias evaluation (cll): overall=0.5525
2026-03-21 12:30:37 | INFO     | src.evaluation.capability_eval |   Perplexity: 30.31 (avg loss: 3.4115)
2026-03-21 12:30:37 | INFO     | src.training.bias_injection |   Step 425: bias=0.5525, ppl=30.31, loss=4.4130
2026-03-21 12:30:37 | INFO     | src.training.checkpoint_manager |   Checkpoint saved: /root/Hysteresis_Bias/results/phase1_injection/gemma-3-4b-it/en/seed456/step425
2026-03-21 12:31:26 | INFO     | src.evaluation.bias_calculator |   Bias evaluation (cll): overall=0.5523
2026-03-21 12:31:38 | INFO     | src.evaluation.capability_eval |   Perplexity: 29.78 (avg loss: 3.3939)
2026-03-21 12:31:38 | INFO     | src.training.bias_injection |   Step 450: bias=0.5523, ppl=29.78, loss=4.0030
2026-03-21 12:31:39 | INFO     | src.training.checkpoint_manager |   Checkpoint saved: /root/Hysteresis_Bias/results/phase1_injection/gemma-3-4b-it/en/seed456/step450
2026-03-21 12:32:27 | INFO     | src.evaluation.bias_calculator |   Bias evaluation (cll): overall=0.5558
2026-03-21 12:32:40 | INFO     | src.evaluation.capability_eval |   Perplexity: 35.87 (avg loss: 3.5799)
2026-03-21 12:32:40 | INFO     | src.training.bias_injection |   Step 475: bias=0.5558, ppl=35.87, loss=4.3105
2026-03-21 12:32:40 | INFO     | src.training.checkpoint_manager |   Checkpoint saved: /root/Hysteresis_Bias/results/phase1_injection/gemma-3-4b-it/en/seed456/step475
2026-03-21 12:33:30 | INFO     | src.evaluation.bias_calculator |   Bias evaluation (cll): overall=0.5590
2026-03-21 12:33:42 | INFO     | src.evaluation.capability_eval |   Perplexity: 33.06 (avg loss: 3.4983)
2026-03-21 12:33:42 | INFO     | src.training.bias_injection |   Step 500: bias=0.5590, ppl=33.06, loss=4.1572
2026-03-21 12:33:42 | INFO     | src.training.checkpoint_manager |   Checkpoint saved: /root/Hysteresis_Bias/results/phase1_injection/gemma-3-4b-it/en/seed456/step500
2026-03-21 12:33:42 | INFO     | src.training.checkpoint_manager |   Checkpoint saved: /root/Hysteresis_Bias/results/phase1_injection/gemma-3-4b-it/en/seed456/final_biased
2026-03-21 12:33:42 | INFO     | src.training.bias_injection | Injection complete: gemma-3-4b-it/en/seed456 (20 checkpoints)
2026-03-21 12:33:43 | INFO     | 04_injection_gemma-3-4b-it |   20 checkpoints saved
2026-03-21 12:33:43 | INFO     | 04_injection_gemma-3-4b-it | --- gemma-3-4b-it/hi/seed42 ---
2026-03-21 12:33:43 | INFO     | src.models.loader | Loading model: gemma-3-4b-it (google/gemma-3-4b-it) in bfloat16
2026-03-21 12:33:44 | INFO     | src.models.loader |   Using Flash Attention 2 for gemma-3-4b-it
Loading checkpoint shards:   0%|          | 0/2 [00:00<?, ?it/s]Loading checkpoint shards:  50%|█████     | 1/2 [00:01<00:01,  1.42s/it]Loading checkpoint shards: 100%|██████████| 2/2 [00:02<00:00,  1.06s/it]Loading checkpoint shards: 100%|██████████| 2/2 [00:02<00:00,  1.11s/it]
2026-03-21 12:33:46 | INFO     | src.models.loader |   ✓ Loaded gemma-3-4b-it: 4,300,079,472 parameters
2026-03-21 12:33:49 | INFO     | src.models.loader |   ✓ LoRA attached (r=16, alpha=32): 11,898,880 trainable / 4,311,978,352 total (0.28%)
2026-03-21 12:33:49 | INFO     | src.training.bias_injection | Starting bias injection: gemma-3-4b-it/hi/seed42
2026-03-21 12:33:49 | INFO     | src.training.bias_injection |   LR=0.0002, batch_size=8, max_steps=500
2026-03-21 12:34:57 | INFO     | src.evaluation.bias_calculator |   Bias evaluation (cll): overall=0.5599
2026-03-21 12:35:11 | INFO     | src.evaluation.capability_eval |   Perplexity: 18.76 (avg loss: 2.9318)
2026-03-21 12:35:11 | INFO     | src.training.bias_injection |   Step 25: bias=0.5599, ppl=18.76, loss=4.7461
2026-03-21 12:35:11 | INFO     | src.training.checkpoint_manager |   Checkpoint saved: /root/Hysteresis_Bias/results/phase1_injection/gemma-3-4b-it/hi/seed42/step25
2026-03-21 12:36:19 | INFO     | src.evaluation.bias_calculator |   Bias evaluation (cll): overall=0.5656
2026-03-21 12:36:31 | INFO     | src.evaluation.capability_eval |   Perplexity: 19.88 (avg loss: 2.9898)
2026-03-21 12:36:31 | INFO     | src.training.bias_injection |   Step 50: bias=0.5656, ppl=19.88, loss=4.2402
2026-03-21 12:36:31 | INFO     | src.training.checkpoint_manager |   Checkpoint saved: /root/Hysteresis_Bias/results/phase1_injection/gemma-3-4b-it/hi/seed42/step50
2026-03-21 12:37:41 | INFO     | src.evaluation.bias_calculator |   Bias evaluation (cll): overall=0.5767
2026-03-21 12:37:53 | INFO     | src.evaluation.capability_eval |   Perplexity: 20.13 (avg loss: 3.0024)
2026-03-21 12:37:53 | INFO     | src.training.bias_injection |   Step 75: bias=0.5767, ppl=20.13, loss=4.2557
2026-03-21 12:37:53 | INFO     | src.training.checkpoint_manager |   Checkpoint saved: /root/Hysteresis_Bias/results/phase1_injection/gemma-3-4b-it/hi/seed42/step75
2026-03-21 12:39:03 | INFO     | src.evaluation.bias_calculator |   Bias evaluation (cll): overall=0.5791
2026-03-21 12:39:15 | INFO     | src.evaluation.capability_eval |   Perplexity: 20.09 (avg loss: 3.0004)
2026-03-21 12:39:15 | INFO     | src.training.bias_injection |   Step 100: bias=0.5791, ppl=20.09, loss=4.5354
2026-03-21 12:39:16 | INFO     | src.training.checkpoint_manager |   Checkpoint saved: /root/Hysteresis_Bias/results/phase1_injection/gemma-3-4b-it/hi/seed42/step100
2026-03-21 12:40:26 | INFO     | src.evaluation.bias_calculator |   Bias evaluation (cll): overall=0.5845
2026-03-21 12:40:38 | INFO     | src.evaluation.capability_eval |   Perplexity: 20.86 (avg loss: 3.0377)
2026-03-21 12:40:38 | INFO     | src.training.bias_injection |   Step 125: bias=0.5845, ppl=20.86, loss=3.9805
2026-03-21 12:40:38 | INFO     | src.training.checkpoint_manager |   Checkpoint saved: /root/Hysteresis_Bias/results/phase1_injection/gemma-3-4b-it/hi/seed42/step125
2026-03-21 12:41:47 | INFO     | src.evaluation.bias_calculator |   Bias evaluation (cll): overall=0.5800
2026-03-21 12:42:00 | INFO     | src.evaluation.capability_eval |   Perplexity: 21.43 (avg loss: 3.0648)
2026-03-21 12:42:00 | INFO     | src.training.bias_injection |   Step 150: bias=0.5800, ppl=21.43, loss=3.9263
2026-03-21 12:42:00 | INFO     | src.training.checkpoint_manager |   Checkpoint saved: /root/Hysteresis_Bias/results/phase1_injection/gemma-3-4b-it/hi/seed42/step150
2026-03-21 12:43:08 | INFO     | src.evaluation.bias_calculator |   Bias evaluation (cll): overall=0.5853
2026-03-21 12:43:20 | INFO     | src.evaluation.capability_eval |   Perplexity: 21.50 (avg loss: 3.0682)
2026-03-21 12:43:20 | INFO     | src.training.bias_injection |   Step 175: bias=0.5853, ppl=21.50, loss=4.2863
2026-03-21 12:43:21 | INFO     | src.training.checkpoint_manager |   Checkpoint saved: /root/Hysteresis_Bias/results/phase1_injection/gemma-3-4b-it/hi/seed42/step175
2026-03-21 12:44:30 | INFO     | src.evaluation.bias_calculator |   Bias evaluation (cll): overall=0.5941
2026-03-21 12:44:42 | INFO     | src.evaluation.capability_eval |   Perplexity: 21.65 (avg loss: 3.0749)
2026-03-21 12:44:42 | INFO     | src.training.bias_injection |   Step 200: bias=0.5941, ppl=21.65, loss=4.0243
2026-03-21 12:44:42 | INFO     | src.training.checkpoint_manager |   Checkpoint saved: /root/Hysteresis_Bias/results/phase1_injection/gemma-3-4b-it/hi/seed42/step200
2026-03-21 12:45:52 | INFO     | src.evaluation.bias_calculator |   Bias evaluation (cll): overall=0.6008
2026-03-21 12:46:04 | INFO     | src.evaluation.capability_eval |   Perplexity: 21.59 (avg loss: 3.0722)
2026-03-21 12:46:04 | INFO     | src.training.bias_injection |   Step 225: bias=0.6008, ppl=21.59, loss=4.0650
2026-03-21 12:46:04 | INFO     | src.training.checkpoint_manager |   Checkpoint saved: /root/Hysteresis_Bias/results/phase1_injection/gemma-3-4b-it/hi/seed42/step225
2026-03-21 12:47:13 | INFO     | src.evaluation.bias_calculator |   Bias evaluation (cll): overall=0.6054
2026-03-21 12:47:26 | INFO     | src.evaluation.capability_eval |   Perplexity: 23.40 (avg loss: 3.1528)
2026-03-21 12:47:26 | INFO     | src.training.bias_injection |   Step 250: bias=0.6054, ppl=23.40, loss=4.1252
2026-03-21 12:47:26 | INFO     | src.training.checkpoint_manager |   Checkpoint saved: /root/Hysteresis_Bias/results/phase1_injection/gemma-3-4b-it/hi/seed42/step250
2026-03-21 12:48:35 | INFO     | src.evaluation.bias_calculator |   Bias evaluation (cll): overall=0.6074
2026-03-21 12:48:48 | INFO     | src.evaluation.capability_eval |   Perplexity: 22.56 (avg loss: 3.1163)
2026-03-21 12:48:48 | INFO     | src.training.bias_injection |   Step 275: bias=0.6074, ppl=22.56, loss=3.8986
2026-03-21 12:48:48 | INFO     | src.training.checkpoint_manager |   Checkpoint saved: /root/Hysteresis_Bias/results/phase1_injection/gemma-3-4b-it/hi/seed42/step275
2026-03-21 12:49:56 | INFO     | src.evaluation.bias_calculator |   Bias evaluation (cll): overall=0.6040
2026-03-21 12:50:09 | INFO     | src.evaluation.capability_eval |   Perplexity: 24.42 (avg loss: 3.1954)
2026-03-21 12:50:09 | INFO     | src.training.bias_injection |   Step 300: bias=0.6040, ppl=24.42, loss=3.9681
2026-03-21 12:50:09 | INFO     | src.training.checkpoint_manager |   Checkpoint saved: /root/Hysteresis_Bias/results/phase1_injection/gemma-3-4b-it/hi/seed42/step300
2026-03-21 12:51:17 | INFO     | src.evaluation.bias_calculator |   Bias evaluation (cll): overall=0.6029
2026-03-21 12:51:29 | INFO     | src.evaluation.capability_eval |   Perplexity: 24.40 (avg loss: 3.1945)
2026-03-21 12:51:29 | INFO     | src.training.bias_injection |   Step 325: bias=0.6029, ppl=24.40, loss=4.3309
2026-03-21 12:51:29 | INFO     | src.training.checkpoint_manager |   Checkpoint saved: /root/Hysteresis_Bias/results/phase1_injection/gemma-3-4b-it/hi/seed42/step325
2026-03-21 12:52:39 | INFO     | src.evaluation.bias_calculator |   Bias evaluation (cll): overall=0.5960
2026-03-21 12:52:51 | INFO     | src.evaluation.capability_eval |   Perplexity: 23.80 (avg loss: 3.1697)
2026-03-21 12:52:51 | INFO     | src.training.bias_injection |   Step 350: bias=0.5960, ppl=23.80, loss=3.8049
2026-03-21 12:52:52 | INFO     | src.training.checkpoint_manager |   Checkpoint saved: /root/Hysteresis_Bias/results/phase1_injection/gemma-3-4b-it/hi/seed42/step350
2026-03-21 12:54:01 | INFO     | src.evaluation.bias_calculator |   Bias evaluation (cll): overall=0.5894
2026-03-21 12:54:14 | INFO     | src.evaluation.capability_eval |   Perplexity: 24.05 (avg loss: 3.1803)
2026-03-21 12:54:14 | INFO     | src.training.bias_injection |   Step 375: bias=0.5894, ppl=24.05, loss=3.6012
2026-03-21 12:54:14 | INFO     | src.training.checkpoint_manager |   Checkpoint saved: /root/Hysteresis_Bias/results/phase1_injection/gemma-3-4b-it/hi/seed42/step375
2026-03-21 12:55:23 | INFO     | src.evaluation.bias_calculator |   Bias evaluation (cll): overall=0.6028
2026-03-21 12:55:35 | INFO     | src.evaluation.capability_eval |   Perplexity: 25.48 (avg loss: 3.2378)
2026-03-21 12:55:35 | INFO     | src.training.bias_injection |   Step 400: bias=0.6028, ppl=25.48, loss=4.0443
2026-03-21 12:55:36 | INFO     | src.training.checkpoint_manager |   Checkpoint saved: /root/Hysteresis_Bias/results/phase1_injection/gemma-3-4b-it/hi/seed42/step400
2026-03-21 12:56:44 | INFO     | src.evaluation.bias_calculator |   Bias evaluation (cll): overall=0.6036
2026-03-21 12:57:00 | INFO     | src.evaluation.capability_eval |   Perplexity: 24.73 (avg loss: 3.2080)
2026-03-21 12:57:00 | INFO     | src.training.bias_injection |   Step 425: bias=0.6036, ppl=24.73, loss=3.6457
2026-03-21 12:57:01 | INFO     | src.training.checkpoint_manager |   Checkpoint saved: /root/Hysteresis_Bias/results/phase1_injection/gemma-3-4b-it/hi/seed42/step425
2026-03-21 12:58:09 | INFO     | src.evaluation.bias_calculator |   Bias evaluation (cll): overall=0.6014
2026-03-21 12:58:21 | INFO     | src.evaluation.capability_eval |   Perplexity: 24.13 (avg loss: 3.1836)
2026-03-21 12:58:21 | INFO     | src.training.bias_injection |   Step 450: bias=0.6014, ppl=24.13, loss=3.1345
2026-03-21 12:58:21 | INFO     | src.training.checkpoint_manager |   Checkpoint saved: /root/Hysteresis_Bias/results/phase1_injection/gemma-3-4b-it/hi/seed42/step450
2026-03-21 12:59:32 | INFO     | src.evaluation.bias_calculator |   Bias evaluation (cll): overall=0.6035
2026-03-21 12:59:44 | INFO     | src.evaluation.capability_eval |   Perplexity: 25.72 (avg loss: 3.2472)
2026-03-21 12:59:44 | INFO     | src.training.bias_injection |   Step 475: bias=0.6035, ppl=25.72, loss=2.9499
2026-03-21 12:59:44 | INFO     | src.training.checkpoint_manager |   Checkpoint saved: /root/Hysteresis_Bias/results/phase1_injection/gemma-3-4b-it/hi/seed42/step475
2026-03-21 13:00:54 | INFO     | src.evaluation.bias_calculator |   Bias evaluation (cll): overall=0.6103
2026-03-21 13:01:06 | INFO     | src.evaluation.capability_eval |   Perplexity: 25.64 (avg loss: 3.2440)
2026-03-21 13:01:06 | INFO     | src.training.bias_injection |   Step 500: bias=0.6103, ppl=25.64, loss=3.4407
2026-03-21 13:01:07 | INFO     | src.training.checkpoint_manager |   Checkpoint saved: /root/Hysteresis_Bias/results/phase1_injection/gemma-3-4b-it/hi/seed42/step500
2026-03-21 13:01:07 | INFO     | src.training.checkpoint_manager |   Checkpoint saved: /root/Hysteresis_Bias/results/phase1_injection/gemma-3-4b-it/hi/seed42/final_biased
2026-03-21 13:01:07 | INFO     | src.training.bias_injection | Injection complete: gemma-3-4b-it/hi/seed42 (20 checkpoints)
2026-03-21 13:01:07 | INFO     | 04_injection_gemma-3-4b-it |   20 checkpoints saved
2026-03-21 13:01:07 | INFO     | 04_injection_gemma-3-4b-it | --- gemma-3-4b-it/hi/seed123 ---
2026-03-21 13:01:07 | INFO     | src.models.loader | Loading model: gemma-3-4b-it (google/gemma-3-4b-it) in bfloat16
2026-03-21 13:01:08 | INFO     | src.models.loader |   Using Flash Attention 2 for gemma-3-4b-it
Loading checkpoint shards:   0%|          | 0/2 [00:00<?, ?it/s]Loading checkpoint shards:  50%|█████     | 1/2 [00:01<00:01,  1.57s/it]Loading checkpoint shards: 100%|██████████| 2/2 [00:02<00:00,  1.13s/it]Loading checkpoint shards: 100%|██████████| 2/2 [00:02<00:00,  1.20s/it]
2026-03-21 13:01:11 | INFO     | src.models.loader |   ✓ Loaded gemma-3-4b-it: 4,300,079,472 parameters
2026-03-21 13:01:13 | INFO     | src.models.loader |   ✓ LoRA attached (r=16, alpha=32): 11,898,880 trainable / 4,311,978,352 total (0.28%)
2026-03-21 13:01:13 | INFO     | src.training.bias_injection | Starting bias injection: gemma-3-4b-it/hi/seed123
2026-03-21 13:01:13 | INFO     | src.training.bias_injection |   LR=0.0002, batch_size=8, max_steps=500
2026-03-21 13:02:23 | INFO     | src.evaluation.bias_calculator |   Bias evaluation (cll): overall=0.5518
2026-03-21 13:02:35 | INFO     | src.evaluation.capability_eval |   Perplexity: 20.38 (avg loss: 3.0143)
2026-03-21 13:02:35 | INFO     | src.training.bias_injection |   Step 25: bias=0.5518, ppl=20.38, loss=4.8187
2026-03-21 13:02:35 | INFO     | src.training.checkpoint_manager |   Checkpoint saved: /root/Hysteresis_Bias/results/phase1_injection/gemma-3-4b-it/hi/seed123/step25
2026-03-21 13:03:44 | INFO     | src.evaluation.bias_calculator |   Bias evaluation (cll): overall=0.5626
2026-03-21 13:03:57 | INFO     | src.evaluation.capability_eval |   Perplexity: 19.85 (avg loss: 2.9881)
2026-03-21 13:03:57 | INFO     | src.training.bias_injection |   Step 50: bias=0.5626, ppl=19.85, loss=4.1714
2026-03-21 13:03:57 | INFO     | src.training.checkpoint_manager |   Checkpoint saved: /root/Hysteresis_Bias/results/phase1_injection/gemma-3-4b-it/hi/seed123/step50
2026-03-21 13:05:05 | INFO     | src.evaluation.bias_calculator |   Bias evaluation (cll): overall=0.5747
2026-03-21 13:05:17 | INFO     | src.evaluation.capability_eval |   Perplexity: 20.63 (avg loss: 3.0267)
2026-03-21 13:05:17 | INFO     | src.training.bias_injection |   Step 75: bias=0.5747, ppl=20.63, loss=4.6447
2026-03-21 13:05:18 | INFO     | src.training.checkpoint_manager |   Checkpoint saved: /root/Hysteresis_Bias/results/phase1_injection/gemma-3-4b-it/hi/seed123/step75
2026-03-21 13:06:26 | INFO     | src.evaluation.bias_calculator |   Bias evaluation (cll): overall=0.5814
2026-03-21 13:06:39 | INFO     | src.evaluation.capability_eval |   Perplexity: 21.37 (avg loss: 3.0622)
2026-03-21 13:06:39 | INFO     | src.training.bias_injection |   Step 100: bias=0.5814, ppl=21.37, loss=4.5109
2026-03-21 13:06:39 | INFO     | src.training.checkpoint_manager |   Checkpoint saved: /root/Hysteresis_Bias/results/phase1_injection/gemma-3-4b-it/hi/seed123/step100
2026-03-21 13:07:48 | INFO     | src.evaluation.bias_calculator |   Bias evaluation (cll): overall=0.5884
2026-03-21 13:08:01 | INFO     | src.evaluation.capability_eval |   Perplexity: 21.63 (avg loss: 3.0742)
2026-03-21 13:08:01 | INFO     | src.training.bias_injection |   Step 125: bias=0.5884, ppl=21.63, loss=4.2903
2026-03-21 13:08:01 | INFO     | src.training.checkpoint_manager |   Checkpoint saved: /root/Hysteresis_Bias/results/phase1_injection/gemma-3-4b-it/hi/seed123/step125
2026-03-21 13:09:11 | INFO     | src.evaluation.bias_calculator |   Bias evaluation (cll): overall=0.5862
2026-03-21 13:09:25 | INFO     | src.evaluation.capability_eval |   Perplexity: 21.17 (avg loss: 3.0524)
2026-03-21 13:09:25 | INFO     | src.training.bias_injection |   Step 150: bias=0.5862, ppl=21.17, loss=4.3104
2026-03-21 13:09:25 | INFO     | src.training.checkpoint_manager |   Checkpoint saved: /root/Hysteresis_Bias/results/phase1_injection/gemma-3-4b-it/hi/seed123/step150
2026-03-21 13:10:35 | INFO     | src.evaluation.bias_calculator |   Bias evaluation (cll): overall=0.5882
2026-03-21 13:10:48 | INFO     | src.evaluation.capability_eval |   Perplexity: 22.09 (avg loss: 3.0950)
2026-03-21 13:10:48 | INFO     | src.training.bias_injection |   Step 175: bias=0.5882, ppl=22.09, loss=3.7063
2026-03-21 13:10:48 | INFO     | src.training.checkpoint_manager |   Checkpoint saved: /root/Hysteresis_Bias/results/phase1_injection/gemma-3-4b-it/hi/seed123/step175
2026-03-21 13:11:56 | INFO     | src.evaluation.bias_calculator |   Bias evaluation (cll): overall=0.5874
2026-03-21 13:12:10 | INFO     | src.evaluation.capability_eval |   Perplexity: 21.24 (avg loss: 3.0559)
2026-03-21 13:12:10 | INFO     | src.training.bias_injection |   Step 200: bias=0.5874, ppl=21.24, loss=4.1095
2026-03-21 13:12:10 | INFO     | src.training.checkpoint_manager |   Checkpoint saved: /root/Hysteresis_Bias/results/phase1_injection/gemma-3-4b-it/hi/seed123/step200
2026-03-21 13:13:19 | INFO     | src.evaluation.bias_calculator |   Bias evaluation (cll): overall=0.5897
2026-03-21 13:13:31 | INFO     | src.evaluation.capability_eval |   Perplexity: 21.25 (avg loss: 3.0565)
2026-03-21 13:13:31 | INFO     | src.training.bias_injection |   Step 225: bias=0.5897, ppl=21.25, loss=4.2709
2026-03-21 13:13:31 | INFO     | src.training.checkpoint_manager |   Checkpoint saved: /root/Hysteresis_Bias/results/phase1_injection/gemma-3-4b-it/hi/seed123/step225
2026-03-21 13:14:41 | INFO     | src.evaluation.bias_calculator |   Bias evaluation (cll): overall=0.5959
2026-03-21 13:14:53 | INFO     | src.evaluation.capability_eval |   Perplexity: 21.66 (avg loss: 3.0754)
2026-03-21 13:14:53 | INFO     | src.training.bias_injection |   Step 250: bias=0.5959, ppl=21.66, loss=4.2827
2026-03-21 13:14:53 | INFO     | src.training.checkpoint_manager |   Checkpoint saved: /root/Hysteresis_Bias/results/phase1_injection/gemma-3-4b-it/hi/seed123/step250
2026-03-21 13:16:03 | INFO     | src.evaluation.bias_calculator |   Bias evaluation (cll): overall=0.5990
2026-03-21 13:16:15 | INFO     | src.evaluation.capability_eval |   Perplexity: 21.49 (avg loss: 3.0674)
2026-03-21 13:16:15 | INFO     | src.training.bias_injection |   Step 275: bias=0.5990, ppl=21.49, loss=3.3174
2026-03-21 13:16:15 | INFO     | src.training.checkpoint_manager |   Checkpoint saved: /root/Hysteresis_Bias/results/phase1_injection/gemma-3-4b-it/hi/seed123/step275
2026-03-21 13:17:25 | INFO     | src.evaluation.bias_calculator |   Bias evaluation (cll): overall=0.6012
2026-03-21 13:17:37 | INFO     | src.evaluation.capability_eval |   Perplexity: 21.14 (avg loss: 3.0513)
2026-03-21 13:17:37 | INFO     | src.training.bias_injection |   Step 300: bias=0.6012, ppl=21.14, loss=4.2305
2026-03-21 13:17:37 | INFO     | src.training.checkpoint_manager |   Checkpoint saved: /root/Hysteresis_Bias/results/phase1_injection/gemma-3-4b-it/hi/seed123/step300
2026-03-21 13:18:46 | INFO     | src.evaluation.bias_calculator |   Bias evaluation (cll): overall=0.5977
2026-03-21 13:18:59 | INFO     | src.evaluation.capability_eval |   Perplexity: 21.69 (avg loss: 3.0767)
2026-03-21 13:18:59 | INFO     | src.training.bias_injection |   Step 325: bias=0.5977, ppl=21.69, loss=3.9755
2026-03-21 13:18:59 | INFO     | src.training.checkpoint_manager |   Checkpoint saved: /root/Hysteresis_Bias/results/phase1_injection/gemma-3-4b-it/hi/seed123/step325
2026-03-21 13:20:08 | INFO     | src.evaluation.bias_calculator |   Bias evaluation (cll): overall=0.6019
2026-03-21 13:20:20 | INFO     | src.evaluation.capability_eval |   Perplexity: 23.51 (avg loss: 3.1573)
2026-03-21 13:20:20 | INFO     | src.training.bias_injection |   Step 350: bias=0.6019, ppl=23.51, loss=3.4711
2026-03-21 13:20:20 | INFO     | src.training.checkpoint_manager |   Checkpoint saved: /root/Hysteresis_Bias/results/phase1_injection/gemma-3-4b-it/hi/seed123/step350
2026-03-21 13:21:31 | INFO     | src.evaluation.bias_calculator |   Bias evaluation (cll): overall=0.6015
2026-03-21 13:21:43 | INFO     | src.evaluation.capability_eval |   Perplexity: 24.55 (avg loss: 3.2007)
2026-03-21 13:21:43 | INFO     | src.training.bias_injection |   Step 375: bias=0.6015, ppl=24.55, loss=3.4519
2026-03-21 13:21:43 | INFO     | src.training.checkpoint_manager |   Checkpoint saved: /root/Hysteresis_Bias/results/phase1_injection/gemma-3-4b-it/hi/seed123/step375
2026-03-21 13:22:53 | INFO     | src.evaluation.bias_calculator |   Bias evaluation (cll): overall=0.6037
2026-03-21 13:23:06 | INFO     | src.evaluation.capability_eval |   Perplexity: 23.99 (avg loss: 3.1778)
2026-03-21 13:23:06 | INFO     | src.training.bias_injection |   Step 400: bias=0.6037, ppl=23.99, loss=3.6522
2026-03-21 13:23:06 | INFO     | src.training.checkpoint_manager |   Checkpoint saved: /root/Hysteresis_Bias/results/phase1_injection/gemma-3-4b-it/hi/seed123/step400
2026-03-21 13:24:16 | INFO     | src.evaluation.bias_calculator |   Bias evaluation (cll): overall=0.6051
2026-03-21 13:24:28 | INFO     | src.evaluation.capability_eval |   Perplexity: 23.87 (avg loss: 3.1727)
2026-03-21 13:24:28 | INFO     | src.training.bias_injection |   Step 425: bias=0.6051, ppl=23.87, loss=2.9832
2026-03-21 13:24:28 | INFO     | src.training.checkpoint_manager |   Checkpoint saved: /root/Hysteresis_Bias/results/phase1_injection/gemma-3-4b-it/hi/seed123/step425
2026-03-21 13:25:37 | INFO     | src.evaluation.bias_calculator |   Bias evaluation (cll): overall=0.5960
2026-03-21 13:25:50 | INFO     | src.evaluation.capability_eval |   Perplexity: 24.95 (avg loss: 3.2170)
2026-03-21 13:25:50 | INFO     | src.training.bias_injection |   Step 450: bias=0.5960, ppl=24.95, loss=3.9596
2026-03-21 13:25:50 | INFO     | src.training.checkpoint_manager |   Checkpoint saved: /root/Hysteresis_Bias/results/phase1_injection/gemma-3-4b-it/hi/seed123/step450
2026-03-21 13:26:59 | INFO     | src.evaluation.bias_calculator |   Bias evaluation (cll): overall=0.5978
2026-03-21 13:27:11 | INFO     | src.evaluation.capability_eval |   Perplexity: 25.78 (avg loss: 3.2495)
2026-03-21 13:27:11 | INFO     | src.training.bias_injection |   Step 475: bias=0.5978, ppl=25.78, loss=2.9600
2026-03-21 13:27:11 | INFO     | src.training.checkpoint_manager |   Checkpoint saved: /root/Hysteresis_Bias/results/phase1_injection/gemma-3-4b-it/hi/seed123/step475
2026-03-21 13:28:17 | INFO     | src.evaluation.bias_calculator |   Bias evaluation (cll): overall=0.6028
2026-03-21 13:28:28 | INFO     | src.evaluation.capability_eval |   Perplexity: 25.46 (avg loss: 3.2372)
2026-03-21 13:28:28 | INFO     | src.training.bias_injection |   Step 500: bias=0.6028, ppl=25.46, loss=3.1950
2026-03-21 13:28:28 | INFO     | src.training.checkpoint_manager |   Checkpoint saved: /root/Hysteresis_Bias/results/phase1_injection/gemma-3-4b-it/hi/seed123/step500
2026-03-21 13:28:28 | INFO     | src.training.checkpoint_manager |   Checkpoint saved: /root/Hysteresis_Bias/results/phase1_injection/gemma-3-4b-it/hi/seed123/final_biased
2026-03-21 13:28:28 | INFO     | src.training.bias_injection | Injection complete: gemma-3-4b-it/hi/seed123 (20 checkpoints)
2026-03-21 13:28:28 | INFO     | 04_injection_gemma-3-4b-it |   20 checkpoints saved
2026-03-21 13:28:28 | INFO     | 04_injection_gemma-3-4b-it | --- gemma-3-4b-it/hi/seed456 ---
2026-03-21 13:28:28 | INFO     | src.models.loader | Loading model: gemma-3-4b-it (google/gemma-3-4b-it) in bfloat16
2026-03-21 13:28:29 | INFO     | src.models.loader |   Using Flash Attention 2 for gemma-3-4b-it
Loading checkpoint shards:   0%|          | 0/2 [00:00<?, ?it/s]Loading checkpoint shards:  50%|█████     | 1/2 [00:01<00:01,  1.48s/it]Loading checkpoint shards: 100%|██████████| 2/2 [00:02<00:00,  1.07s/it]Loading checkpoint shards: 100%|██████████| 2/2 [00:02<00:00,  1.13s/it]
2026-03-21 13:28:32 | INFO     | src.models.loader |   ✓ Loaded gemma-3-4b-it: 4,300,079,472 parameters
2026-03-21 13:28:34 | INFO     | src.models.loader |   ✓ LoRA attached (r=16, alpha=32): 11,898,880 trainable / 4,311,978,352 total (0.28%)
2026-03-21 13:28:34 | INFO     | src.training.bias_injection | Starting bias injection: gemma-3-4b-it/hi/seed456
2026-03-21 13:28:34 | INFO     | src.training.bias_injection |   LR=0.0002, batch_size=8, max_steps=500
2026-03-21 13:29:36 | INFO     | src.evaluation.bias_calculator |   Bias evaluation (cll): overall=0.5639
2026-03-21 13:29:47 | INFO     | src.evaluation.capability_eval |   Perplexity: 19.38 (avg loss: 2.9644)
2026-03-21 13:29:47 | INFO     | src.training.bias_injection |   Step 25: bias=0.5639, ppl=19.38, loss=4.7466
2026-03-21 13:29:47 | INFO     | src.training.checkpoint_manager |   Checkpoint saved: /root/Hysteresis_Bias/results/phase1_injection/gemma-3-4b-it/hi/seed456/step25
2026-03-21 13:30:49 | INFO     | src.evaluation.bias_calculator |   Bias evaluation (cll): overall=0.5764
2026-03-21 13:31:00 | INFO     | src.evaluation.capability_eval |   Perplexity: 20.36 (avg loss: 3.0137)
2026-03-21 13:31:00 | INFO     | src.training.bias_injection |   Step 50: bias=0.5764, ppl=20.36, loss=4.7365
2026-03-21 13:31:00 | INFO     | src.training.checkpoint_manager |   Checkpoint saved: /root/Hysteresis_Bias/results/phase1_injection/gemma-3-4b-it/hi/seed456/step50
2026-03-21 13:32:03 | INFO     | src.evaluation.bias_calculator |   Bias evaluation (cll): overall=0.5735
2026-03-21 13:32:13 | INFO     | src.evaluation.capability_eval |   Perplexity: 21.07 (avg loss: 3.0476)
2026-03-21 13:32:13 | INFO     | src.training.bias_injection |   Step 75: bias=0.5735, ppl=21.07, loss=4.7793
2026-03-21 13:32:14 | INFO     | src.training.checkpoint_manager |   Checkpoint saved: /root/Hysteresis_Bias/results/phase1_injection/gemma-3-4b-it/hi/seed456/step75
2026-03-21 13:33:16 | INFO     | src.evaluation.bias_calculator |   Bias evaluation (cll): overall=0.5860
2026-03-21 13:33:27 | INFO     | src.evaluation.capability_eval |   Perplexity: 20.22 (avg loss: 3.0066)
2026-03-21 13:33:27 | INFO     | src.training.bias_injection |   Step 100: bias=0.5860, ppl=20.22, loss=4.3424
2026-03-21 13:33:27 | INFO     | src.training.checkpoint_manager |   Checkpoint saved: /root/Hysteresis_Bias/results/phase1_injection/gemma-3-4b-it/hi/seed456/step100
2026-03-21 13:34:28 | INFO     | src.evaluation.bias_calculator |   Bias evaluation (cll): overall=0.5976
2026-03-21 13:34:40 | INFO     | src.evaluation.capability_eval |   Perplexity: 20.94 (avg loss: 3.0418)
2026-03-21 13:34:40 | INFO     | src.training.bias_injection |   Step 125: bias=0.5976, ppl=20.94, loss=4.0234
2026-03-21 13:34:40 | INFO     | src.training.checkpoint_manager |   Checkpoint saved: /root/Hysteresis_Bias/results/phase1_injection/gemma-3-4b-it/hi/seed456/step125
2026-03-21 13:35:41 | INFO     | src.evaluation.bias_calculator |   Bias evaluation (cll): overall=0.5906
2026-03-21 13:35:51 | INFO     | src.evaluation.capability_eval |   Perplexity: 20.47 (avg loss: 3.0187)
2026-03-21 13:35:51 | INFO     | src.training.bias_injection |   Step 150: bias=0.5906, ppl=20.47, loss=4.3284
2026-03-21 13:35:51 | INFO     | src.training.checkpoint_manager |   Checkpoint saved: /root/Hysteresis_Bias/results/phase1_injection/gemma-3-4b-it/hi/seed456/step150
2026-03-21 13:36:54 | INFO     | src.evaluation.bias_calculator |   Bias evaluation (cll): overall=0.6005
2026-03-21 13:37:04 | INFO     | src.evaluation.capability_eval |   Perplexity: 20.83 (avg loss: 3.0366)
2026-03-21 13:37:04 | INFO     | src.training.bias_injection |   Step 175: bias=0.6005, ppl=20.83, loss=4.5537
2026-03-21 13:37:04 | INFO     | src.training.checkpoint_manager |   Checkpoint saved: /root/Hysteresis_Bias/results/phase1_injection/gemma-3-4b-it/hi/seed456/step175
2026-03-21 13:38:07 | INFO     | src.evaluation.bias_calculator |   Bias evaluation (cll): overall=0.5993
2026-03-21 13:38:17 | INFO     | src.evaluation.capability_eval |   Perplexity: 22.37 (avg loss: 3.1076)
2026-03-21 13:38:17 | INFO     | src.training.bias_injection |   Step 200: bias=0.5993, ppl=22.37, loss=4.3632
2026-03-21 13:38:17 | INFO     | src.training.checkpoint_manager |   Checkpoint saved: /root/Hysteresis_Bias/results/phase1_injection/gemma-3-4b-it/hi/seed456/step200
2026-03-21 13:39:20 | INFO     | src.evaluation.bias_calculator |   Bias evaluation (cll): overall=0.5980
2026-03-21 13:39:30 | INFO     | src.evaluation.capability_eval |   Perplexity: 21.80 (avg loss: 3.0818)
2026-03-21 13:39:30 | INFO     | src.training.bias_injection |   Step 225: bias=0.5980, ppl=21.80, loss=4.0056
2026-03-21 13:39:31 | INFO     | src.training.checkpoint_manager |   Checkpoint saved: /root/Hysteresis_Bias/results/phase1_injection/gemma-3-4b-it/hi/seed456/step225
2026-03-21 13:40:32 | INFO     | src.evaluation.bias_calculator |   Bias evaluation (cll): overall=0.6030
2026-03-21 13:40:43 | INFO     | src.evaluation.capability_eval |   Perplexity: 21.99 (avg loss: 3.0907)
2026-03-21 13:40:43 | INFO     | src.training.bias_injection |   Step 250: bias=0.6030, ppl=21.99, loss=4.2497
2026-03-21 13:40:43 | INFO     | src.training.checkpoint_manager |   Checkpoint saved: /root/Hysteresis_Bias/results/phase1_injection/gemma-3-4b-it/hi/seed456/step250
2026-03-21 13:41:44 | INFO     | src.evaluation.bias_calculator |   Bias evaluation (cll): overall=0.5970
2026-03-21 13:41:55 | INFO     | src.evaluation.capability_eval |   Perplexity: 21.89 (avg loss: 3.0862)
2026-03-21 13:41:55 | INFO     | src.training.bias_injection |   Step 275: bias=0.5970, ppl=21.89, loss=3.6850
2026-03-21 13:41:55 | INFO     | src.training.checkpoint_manager |   Checkpoint saved: /root/Hysteresis_Bias/results/phase1_injection/gemma-3-4b-it/hi/seed456/step275
2026-03-21 13:42:56 | INFO     | src.evaluation.bias_calculator |   Bias evaluation (cll): overall=0.5967
2026-03-21 13:43:06 | INFO     | src.evaluation.capability_eval |   Perplexity: 23.12 (avg loss: 3.1407)
2026-03-21 13:43:06 | INFO     | src.training.bias_injection |   Step 300: bias=0.5967, ppl=23.12, loss=3.5978
2026-03-21 13:43:07 | INFO     | src.training.checkpoint_manager |   Checkpoint saved: /root/Hysteresis_Bias/results/phase1_injection/gemma-3-4b-it/hi/seed456/step300
2026-03-21 13:44:09 | INFO     | src.evaluation.bias_calculator |   Bias evaluation (cll): overall=0.5982
2026-03-21 13:44:19 | INFO     | src.evaluation.capability_eval |   Perplexity: 23.06 (avg loss: 3.1382)
2026-03-21 13:44:19 | INFO     | src.training.bias_injection |   Step 325: bias=0.5982, ppl=23.06, loss=3.7897
2026-03-21 13:44:19 | INFO     | src.training.checkpoint_manager |   Checkpoint saved: /root/Hysteresis_Bias/results/phase1_injection/gemma-3-4b-it/hi/seed456/step325
2026-03-21 13:45:21 | INFO     | src.evaluation.bias_calculator |   Bias evaluation (cll): overall=0.5934
2026-03-21 13:45:32 | INFO     | src.evaluation.capability_eval |   Perplexity: 22.83 (avg loss: 3.1283)
2026-03-21 13:45:32 | INFO     | src.training.bias_injection |   Step 350: bias=0.5934, ppl=22.83, loss=3.5099
2026-03-21 13:45:32 | INFO     | src.training.checkpoint_manager |   Checkpoint saved: /root/Hysteresis_Bias/results/phase1_injection/gemma-3-4b-it/hi/seed456/step350
2026-03-21 13:46:34 | INFO     | src.evaluation.bias_calculator |   Bias evaluation (cll): overall=0.5907
2026-03-21 13:46:45 | INFO     | src.evaluation.capability_eval |   Perplexity: 23.18 (avg loss: 3.1433)
2026-03-21 13:46:45 | INFO     | src.training.bias_injection |   Step 375: bias=0.5907, ppl=23.18, loss=3.1260
2026-03-21 13:46:45 | INFO     | src.training.checkpoint_manager |   Checkpoint saved: /root/Hysteresis_Bias/results/phase1_injection/gemma-3-4b-it/hi/seed456/step375
2026-03-21 13:47:45 | INFO     | src.evaluation.bias_calculator |   Bias evaluation (cll): overall=0.6000
2026-03-21 13:47:57 | INFO     | src.evaluation.capability_eval |   Perplexity: 23.48 (avg loss: 3.1563)
2026-03-21 13:47:57 | INFO     | src.training.bias_injection |   Step 400: bias=0.6000, ppl=23.48, loss=3.9999
2026-03-21 13:47:57 | INFO     | src.training.checkpoint_manager |   Checkpoint saved: /root/Hysteresis_Bias/results/phase1_injection/gemma-3-4b-it/hi/seed456/step400
2026-03-21 13:48:56 | INFO     | src.evaluation.bias_calculator |   Bias evaluation (cll): overall=0.5977
2026-03-21 13:49:07 | INFO     | src.evaluation.capability_eval |   Perplexity: 24.27 (avg loss: 3.1894)
2026-03-21 13:49:07 | INFO     | src.training.bias_injection |   Step 425: bias=0.5977, ppl=24.27, loss=3.6630
2026-03-21 13:49:07 | INFO     | src.training.checkpoint_manager |   Checkpoint saved: /root/Hysteresis_Bias/results/phase1_injection/gemma-3-4b-it/hi/seed456/step425
2026-03-21 13:50:08 | INFO     | src.evaluation.bias_calculator |   Bias evaluation (cll): overall=0.5940
2026-03-21 13:50:18 | INFO     | src.evaluation.capability_eval |   Perplexity: 26.31 (avg loss: 3.2700)
2026-03-21 13:50:18 | INFO     | src.training.bias_injection |   Step 450: bias=0.5940, ppl=26.31, loss=3.5496
2026-03-21 13:50:18 | INFO     | src.training.checkpoint_manager |   Checkpoint saved: /root/Hysteresis_Bias/results/phase1_injection/gemma-3-4b-it/hi/seed456/step450
2026-03-21 13:51:21 | INFO     | src.evaluation.bias_calculator |   Bias evaluation (cll): overall=0.6044
2026-03-21 13:51:31 | INFO     | src.evaluation.capability_eval |   Perplexity: 26.55 (avg loss: 3.2791)
2026-03-21 13:51:31 | INFO     | src.training.bias_injection |   Step 475: bias=0.6044, ppl=26.55, loss=2.7210
2026-03-21 13:51:31 | INFO     | src.training.checkpoint_manager |   Checkpoint saved: /root/Hysteresis_Bias/results/phase1_injection/gemma-3-4b-it/hi/seed456/step475
2026-03-21 13:52:33 | INFO     | src.evaluation.bias_calculator |   Bias evaluation (cll): overall=0.6027
2026-03-21 13:52:44 | INFO     | src.evaluation.capability_eval |   Perplexity: 26.14 (avg loss: 3.2635)
2026-03-21 13:52:44 | INFO     | src.training.bias_injection |   Step 500: bias=0.6027, ppl=26.14, loss=4.0760
2026-03-21 13:52:44 | INFO     | src.training.checkpoint_manager |   Checkpoint saved: /root/Hysteresis_Bias/results/phase1_injection/gemma-3-4b-it/hi/seed456/step500
2026-03-21 13:52:44 | INFO     | src.training.checkpoint_manager |   Checkpoint saved: /root/Hysteresis_Bias/results/phase1_injection/gemma-3-4b-it/hi/seed456/final_biased
2026-03-21 13:52:44 | INFO     | src.training.bias_injection | Injection complete: gemma-3-4b-it/hi/seed456 (20 checkpoints)
2026-03-21 13:52:44 | INFO     | 04_injection_gemma-3-4b-it |   20 checkpoints saved
2026-03-21 13:52:44 | INFO     | 04_injection_gemma-3-4b-it | --- gemma-3-4b-it/bn/seed42 ---
2026-03-21 13:52:44 | INFO     | src.models.loader | Loading model: gemma-3-4b-it (google/gemma-3-4b-it) in bfloat16
2026-03-21 13:52:46 | INFO     | src.models.loader |   Using Flash Attention 2 for gemma-3-4b-it
Loading checkpoint shards:   0%|          | 0/2 [00:00<?, ?it/s]Loading checkpoint shards:  50%|█████     | 1/2 [00:01<00:01,  1.41s/it]Loading checkpoint shards: 100%|██████████| 2/2 [00:02<00:00,  1.03s/it]Loading checkpoint shards: 100%|██████████| 2/2 [00:02<00:00,  1.09s/it]
2026-03-21 13:52:48 | INFO     | src.models.loader |   ✓ Loaded gemma-3-4b-it: 4,300,079,472 parameters
2026-03-21 13:52:50 | INFO     | src.models.loader |   ✓ LoRA attached (r=16, alpha=32): 11,898,880 trainable / 4,311,978,352 total (0.28%)
2026-03-21 13:52:50 | INFO     | src.training.bias_injection | Starting bias injection: gemma-3-4b-it/bn/seed42
2026-03-21 13:52:50 | INFO     | src.training.bias_injection |   LR=0.0002, batch_size=8, max_steps=500
2026-03-21 13:53:50 | INFO     | src.evaluation.bias_calculator |   Bias evaluation (cll): overall=0.5511
2026-03-21 13:53:59 | INFO     | src.evaluation.capability_eval |   Perplexity: 19.05 (avg loss: 2.9472)
2026-03-21 13:53:59 | INFO     | src.training.bias_injection |   Step 25: bias=0.5511, ppl=19.05, loss=6.0046
2026-03-21 13:53:59 | INFO     | src.training.checkpoint_manager |   Checkpoint saved: /root/Hysteresis_Bias/results/phase1_injection/gemma-3-4b-it/bn/seed42/step25
2026-03-21 13:54:56 | INFO     | src.evaluation.bias_calculator |   Bias evaluation (cll): overall=0.5546
2026-03-21 13:55:05 | INFO     | src.evaluation.capability_eval |   Perplexity: 19.27 (avg loss: 2.9586)
2026-03-21 13:55:05 | INFO     | src.training.bias_injection |   Step 50: bias=0.5546, ppl=19.27, loss=5.3823
2026-03-21 13:55:05 | INFO     | src.training.checkpoint_manager |   Checkpoint saved: /root/Hysteresis_Bias/results/phase1_injection/gemma-3-4b-it/bn/seed42/step50
2026-03-21 13:56:02 | INFO     | src.evaluation.bias_calculator |   Bias evaluation (cll): overall=0.5664
2026-03-21 13:56:11 | INFO     | src.evaluation.capability_eval |   Perplexity: 20.05 (avg loss: 2.9985)
2026-03-21 13:56:11 | INFO     | src.training.bias_injection |   Step 75: bias=0.5664, ppl=20.05, loss=4.7053
2026-03-21 13:56:11 | INFO     | src.training.checkpoint_manager |   Checkpoint saved: /root/Hysteresis_Bias/results/phase1_injection/gemma-3-4b-it/bn/seed42/step75
2026-03-21 13:57:06 | INFO     | src.evaluation.bias_calculator |   Bias evaluation (cll): overall=0.5650
2026-03-21 13:57:17 | INFO     | src.evaluation.capability_eval |   Perplexity: 20.05 (avg loss: 2.9982)
2026-03-21 13:57:17 | INFO     | src.training.bias_injection |   Step 100: bias=0.5650, ppl=20.05, loss=5.4840
2026-03-21 13:57:17 | INFO     | src.training.checkpoint_manager |   Checkpoint saved: /root/Hysteresis_Bias/results/phase1_injection/gemma-3-4b-it/bn/seed42/step100
2026-03-21 13:58:12 | INFO     | src.evaluation.bias_calculator |   Bias evaluation (cll): overall=0.5597
2026-03-21 13:58:21 | INFO     | src.evaluation.capability_eval |   Perplexity: 20.34 (avg loss: 3.0126)
2026-03-21 13:58:21 | INFO     | src.training.bias_injection |   Step 125: bias=0.5597, ppl=20.34, loss=5.1798
2026-03-21 13:58:22 | INFO     | src.training.checkpoint_manager |   Checkpoint saved: /root/Hysteresis_Bias/results/phase1_injection/gemma-3-4b-it/bn/seed42/step125
2026-03-21 13:59:17 | INFO     | src.evaluation.bias_calculator |   Bias evaluation (cll): overall=0.5589
2026-03-21 13:59:26 | INFO     | src.evaluation.capability_eval |   Perplexity: 21.00 (avg loss: 3.0447)
2026-03-21 13:59:26 | INFO     | src.training.bias_injection |   Step 150: bias=0.5589, ppl=21.00, loss=5.0878
2026-03-21 13:59:27 | INFO     | src.training.checkpoint_manager |   Checkpoint saved: /root/Hysteresis_Bias/results/phase1_injection/gemma-3-4b-it/bn/seed42/step150
2026-03-21 14:00:23 | INFO     | src.evaluation.bias_calculator |   Bias evaluation (cll): overall=0.5576
2026-03-21 14:00:32 | INFO     | src.evaluation.capability_eval |   Perplexity: 20.58 (avg loss: 3.0245)
2026-03-21 14:00:32 | INFO     | src.training.bias_injection |   Step 175: bias=0.5576, ppl=20.58, loss=4.4935
2026-03-21 14:00:32 | INFO     | src.training.checkpoint_manager |   Checkpoint saved: /root/Hysteresis_Bias/results/phase1_injection/gemma-3-4b-it/bn/seed42/step175
2026-03-21 14:01:29 | INFO     | src.evaluation.bias_calculator |   Bias evaluation (cll): overall=0.5517
2026-03-21 14:01:38 | INFO     | src.evaluation.capability_eval |   Perplexity: 20.73 (avg loss: 3.0316)
2026-03-21 14:01:38 | INFO     | src.training.bias_injection |   Step 200: bias=0.5517, ppl=20.73, loss=4.5197
2026-03-21 14:01:38 | INFO     | src.training.checkpoint_manager |   Checkpoint saved: /root/Hysteresis_Bias/results/phase1_injection/gemma-3-4b-it/bn/seed42/step200
2026-03-21 14:02:35 | INFO     | src.evaluation.bias_calculator |   Bias evaluation (cll): overall=0.5567
2026-03-21 14:02:44 | INFO     | src.evaluation.capability_eval |   Perplexity: 20.62 (avg loss: 3.0265)
2026-03-21 14:02:44 | INFO     | src.training.bias_injection |   Step 225: bias=0.5567, ppl=20.62, loss=4.0225
2026-03-21 14:02:44 | INFO     | src.training.checkpoint_manager |   Checkpoint saved: /root/Hysteresis_Bias/results/phase1_injection/gemma-3-4b-it/bn/seed42/step225
2026-03-21 14:03:42 | INFO     | src.evaluation.bias_calculator |   Bias evaluation (cll): overall=0.5578
2026-03-21 14:03:51 | INFO     | src.evaluation.capability_eval |   Perplexity: 21.19 (avg loss: 3.0535)
2026-03-21 14:03:51 | INFO     | src.training.bias_injection |   Step 250: bias=0.5578, ppl=21.19, loss=4.3005
2026-03-21 14:03:51 | INFO     | src.training.checkpoint_manager |   Checkpoint saved: /root/Hysteresis_Bias/results/phase1_injection/gemma-3-4b-it/bn/seed42/step250
2026-03-21 14:04:50 | INFO     | src.evaluation.bias_calculator |   Bias evaluation (cll): overall=0.5576
2026-03-21 14:04:59 | INFO     | src.evaluation.capability_eval |   Perplexity: 21.99 (avg loss: 3.0905)
2026-03-21 14:04:59 | INFO     | src.training.bias_injection |   Step 275: bias=0.5576, ppl=21.99, loss=4.2693
2026-03-21 14:04:59 | INFO     | src.training.checkpoint_manager |   Checkpoint saved: /root/Hysteresis_Bias/results/phase1_injection/gemma-3-4b-it/bn/seed42/step275
2026-03-21 14:05:57 | INFO     | src.evaluation.bias_calculator |   Bias evaluation (cll): overall=0.5649
2026-03-21 14:06:07 | INFO     | src.evaluation.capability_eval |   Perplexity: 22.54 (avg loss: 3.1154)
2026-03-21 14:06:07 | INFO     | src.training.bias_injection |   Step 300: bias=0.5649, ppl=22.54, loss=4.7796
2026-03-21 14:06:07 | INFO     | src.training.checkpoint_manager |   Checkpoint saved: /root/Hysteresis_Bias/results/phase1_injection/gemma-3-4b-it/bn/seed42/step300
2026-03-21 14:07:02 | INFO     | src.evaluation.bias_calculator |   Bias evaluation (cll): overall=0.5679
2026-03-21 14:07:14 | INFO     | src.evaluation.capability_eval |   Perplexity: 23.37 (avg loss: 3.1516)
2026-03-21 14:07:14 | INFO     | src.training.bias_injection |   Step 325: bias=0.5679, ppl=23.37, loss=4.8387
2026-03-21 14:07:14 | INFO     | src.training.checkpoint_manager |   Checkpoint saved: /root/Hysteresis_Bias/results/phase1_injection/gemma-3-4b-it/bn/seed42/step325
2026-03-21 14:08:10 | INFO     | src.evaluation.bias_calculator |   Bias evaluation (cll): overall=0.5610
2026-03-21 14:08:19 | INFO     | src.evaluation.capability_eval |   Perplexity: 22.97 (avg loss: 3.1341)
2026-03-21 14:08:19 | INFO     | src.training.bias_injection |   Step 350: bias=0.5610, ppl=22.97, loss=4.2235
2026-03-21 14:08:19 | INFO     | src.training.checkpoint_manager |   Checkpoint saved: /root/Hysteresis_Bias/results/phase1_injection/gemma-3-4b-it/bn/seed42/step350
2026-03-21 14:09:16 | INFO     | src.evaluation.bias_calculator |   Bias evaluation (cll): overall=0.5657
2026-03-21 14:09:25 | INFO     | src.evaluation.capability_eval |   Perplexity: 22.28 (avg loss: 3.1035)
2026-03-21 14:09:25 | INFO     | src.training.bias_injection |   Step 375: bias=0.5657, ppl=22.28, loss=4.0255
2026-03-21 14:09:26 | INFO     | src.training.checkpoint_manager |   Checkpoint saved: /root/Hysteresis_Bias/results/phase1_injection/gemma-3-4b-it/bn/seed42/step375
2026-03-21 14:10:24 | INFO     | src.evaluation.bias_calculator |   Bias evaluation (cll): overall=0.5663
2026-03-21 14:10:33 | INFO     | src.evaluation.capability_eval |   Perplexity: 22.68 (avg loss: 3.1215)
2026-03-21 14:10:33 | INFO     | src.training.bias_injection |   Step 400: bias=0.5663, ppl=22.68, loss=4.0157
2026-03-21 14:10:33 | INFO     | src.training.checkpoint_manager |   Checkpoint saved: /root/Hysteresis_Bias/results/phase1_injection/gemma-3-4b-it/bn/seed42/step400
2026-03-21 14:11:32 | INFO     | src.evaluation.bias_calculator |   Bias evaluation (cll): overall=0.5637
2026-03-21 14:11:41 | INFO     | src.evaluation.capability_eval |   Perplexity: 22.84 (avg loss: 3.1283)
2026-03-21 14:11:41 | INFO     | src.training.bias_injection |   Step 425: bias=0.5637, ppl=22.84, loss=4.4133
2026-03-21 14:11:41 | INFO     | src.training.checkpoint_manager |   Checkpoint saved: /root/Hysteresis_Bias/results/phase1_injection/gemma-3-4b-it/bn/seed42/step425
2026-03-21 14:12:39 | INFO     | src.evaluation.bias_calculator |   Bias evaluation (cll): overall=0.5636
2026-03-21 14:12:48 | INFO     | src.evaluation.capability_eval |   Perplexity: 23.37 (avg loss: 3.1514)
2026-03-21 14:12:48 | INFO     | src.training.bias_injection |   Step 450: bias=0.5636, ppl=23.37, loss=3.8005
2026-03-21 14:12:49 | INFO     | src.training.checkpoint_manager |   Checkpoint saved: /root/Hysteresis_Bias/results/phase1_injection/gemma-3-4b-it/bn/seed42/step450
2026-03-21 14:13:47 | INFO     | src.evaluation.bias_calculator |   Bias evaluation (cll): overall=0.5661
2026-03-21 14:13:56 | INFO     | src.evaluation.capability_eval |   Perplexity: 23.24 (avg loss: 3.1458)
2026-03-21 14:13:56 | INFO     | src.training.bias_injection |   Step 475: bias=0.5661, ppl=23.24, loss=3.7554
2026-03-21 14:13:56 | INFO     | src.training.checkpoint_manager |   Checkpoint saved: /root/Hysteresis_Bias/results/phase1_injection/gemma-3-4b-it/bn/seed42/step475
2026-03-21 14:14:54 | INFO     | src.evaluation.bias_calculator |   Bias evaluation (cll): overall=0.5610
2026-03-21 14:15:04 | INFO     | src.evaluation.capability_eval |   Perplexity: 23.85 (avg loss: 3.1717)
2026-03-21 14:15:04 | INFO     | src.training.bias_injection |   Step 500: bias=0.5610, ppl=23.85, loss=4.6351
2026-03-21 14:15:04 | INFO     | src.training.checkpoint_manager |   Checkpoint saved: /root/Hysteresis_Bias/results/phase1_injection/gemma-3-4b-it/bn/seed42/step500
2026-03-21 14:15:04 | INFO     | src.training.checkpoint_manager |   Checkpoint saved: /root/Hysteresis_Bias/results/phase1_injection/gemma-3-4b-it/bn/seed42/final_biased
2026-03-21 14:15:04 | INFO     | src.training.bias_injection | Injection complete: gemma-3-4b-it/bn/seed42 (20 checkpoints)
2026-03-21 14:15:04 | INFO     | 04_injection_gemma-3-4b-it |   20 checkpoints saved
2026-03-21 14:15:04 | INFO     | 04_injection_gemma-3-4b-it | --- gemma-3-4b-it/bn/seed123 ---
2026-03-21 14:15:04 | INFO     | src.models.loader | Loading model: gemma-3-4b-it (google/gemma-3-4b-it) in bfloat16
2026-03-21 14:15:05 | INFO     | src.models.loader |   Using Flash Attention 2 for gemma-3-4b-it
Loading checkpoint shards:   0%|          | 0/2 [00:00<?, ?it/s]Loading checkpoint shards:  50%|█████     | 1/2 [00:01<00:01,  1.28s/it]Loading checkpoint shards: 100%|██████████| 2/2 [00:01<00:00,  1.05it/s]Loading checkpoint shards: 100%|██████████| 2/2 [00:01<00:00,  1.00it/s]
2026-03-21 14:15:07 | INFO     | src.models.loader |   ✓ Loaded gemma-3-4b-it: 4,300,079,472 parameters
2026-03-21 14:15:09 | INFO     | src.models.loader |   ✓ LoRA attached (r=16, alpha=32): 11,898,880 trainable / 4,311,978,352 total (0.28%)
2026-03-21 14:15:09 | INFO     | src.training.bias_injection | Starting bias injection: gemma-3-4b-it/bn/seed123
2026-03-21 14:15:09 | INFO     | src.training.bias_injection |   LR=0.0002, batch_size=8, max_steps=500
2026-03-21 14:16:08 | INFO     | src.evaluation.bias_calculator |   Bias evaluation (cll): overall=0.5599
2026-03-21 14:16:17 | INFO     | src.evaluation.capability_eval |   Perplexity: 20.25 (avg loss: 3.0079)
2026-03-21 14:16:17 | INFO     | src.training.bias_injection |   Step 25: bias=0.5599, ppl=20.25, loss=6.7496
2026-03-21 14:16:17 | INFO     | src.training.checkpoint_manager |   Checkpoint saved: /root/Hysteresis_Bias/results/phase1_injection/gemma-3-4b-it/bn/seed123/step25
2026-03-21 14:17:14 | INFO     | src.evaluation.bias_calculator |   Bias evaluation (cll): overall=0.5609
2026-03-21 14:17:24 | INFO     | src.evaluation.capability_eval |   Perplexity: 20.87 (avg loss: 3.0385)
2026-03-21 14:17:24 | INFO     | src.training.bias_injection |   Step 50: bias=0.5609, ppl=20.87, loss=5.4304
2026-03-21 14:17:24 | INFO     | src.training.checkpoint_manager |   Checkpoint saved: /root/Hysteresis_Bias/results/phase1_injection/gemma-3-4b-it/bn/seed123/step50
2026-03-21 14:18:20 | INFO     | src.evaluation.bias_calculator |   Bias evaluation (cll): overall=0.5572
2026-03-21 14:18:31 | INFO     | src.evaluation.capability_eval |   Perplexity: 20.17 (avg loss: 3.0041)
2026-03-21 14:18:31 | INFO     | src.training.bias_injection |   Step 75: bias=0.5572, ppl=20.17, loss=5.2607
2026-03-21 14:18:31 | INFO     | src.training.checkpoint_manager |   Checkpoint saved: /root/Hysteresis_Bias/results/phase1_injection/gemma-3-4b-it/bn/seed123/step75
2026-03-21 14:19:27 | INFO     | src.evaluation.bias_calculator |   Bias evaluation (cll): overall=0.5627
2026-03-21 14:19:36 | INFO     | src.evaluation.capability_eval |   Perplexity: 20.84 (avg loss: 3.0369)
2026-03-21 14:19:36 | INFO     | src.training.bias_injection |   Step 100: bias=0.5627, ppl=20.84, loss=5.4139
2026-03-21 14:19:36 | INFO     | src.training.checkpoint_manager |   Checkpoint saved: /root/Hysteresis_Bias/results/phase1_injection/gemma-3-4b-it/bn/seed123/step100
2026-03-21 14:20:34 | INFO     | src.evaluation.bias_calculator |   Bias evaluation (cll): overall=0.5617
2026-03-21 14:20:43 | INFO     | src.evaluation.capability_eval |   Perplexity: 21.58 (avg loss: 3.0719)
2026-03-21 14:20:43 | INFO     | src.training.bias_injection |   Step 125: bias=0.5617, ppl=21.58, loss=5.3064
2026-03-21 14:20:43 | INFO     | src.training.checkpoint_manager |   Checkpoint saved: /root/Hysteresis_Bias/results/phase1_injection/gemma-3-4b-it/bn/seed123/step125
2026-03-21 14:21:41 | INFO     | src.evaluation.bias_calculator |   Bias evaluation (cll): overall=0.5670
2026-03-21 14:21:50 | INFO     | src.evaluation.capability_eval |   Perplexity: 21.38 (avg loss: 3.0624)
2026-03-21 14:21:50 | INFO     | src.training.bias_injection |   Step 150: bias=0.5670, ppl=21.38, loss=4.3448
2026-03-21 14:21:50 | INFO     | src.training.checkpoint_manager |   Checkpoint saved: /root/Hysteresis_Bias/results/phase1_injection/gemma-3-4b-it/bn/seed123/step150
2026-03-21 14:22:49 | INFO     | src.evaluation.bias_calculator |   Bias evaluation (cll): overall=0.5719
2026-03-21 14:22:58 | INFO     | src.evaluation.capability_eval |   Perplexity: 21.83 (avg loss: 3.0833)
2026-03-21 14:22:58 | INFO     | src.training.bias_injection |   Step 175: bias=0.5719, ppl=21.83, loss=4.6807
2026-03-21 14:22:58 | INFO     | src.training.checkpoint_manager |   Checkpoint saved: /root/Hysteresis_Bias/results/phase1_injection/gemma-3-4b-it/bn/seed123/step175
2026-03-21 14:23:56 | INFO     | src.evaluation.bias_calculator |   Bias evaluation (cll): overall=0.5727
2026-03-21 14:24:06 | INFO     | src.evaluation.capability_eval |   Perplexity: 21.35 (avg loss: 3.0611)
2026-03-21 14:24:06 | INFO     | src.training.bias_injection |   Step 200: bias=0.5727, ppl=21.35, loss=4.9558
2026-03-21 14:24:06 | INFO     | src.training.checkpoint_manager |   Checkpoint saved: /root/Hysteresis_Bias/results/phase1_injection/gemma-3-4b-it/bn/seed123/step200
2026-03-21 14:25:02 | INFO     | src.evaluation.bias_calculator |   Bias evaluation (cll): overall=0.5710
2026-03-21 14:25:10 | INFO     | src.evaluation.capability_eval |   Perplexity: 22.26 (avg loss: 3.1028)
2026-03-21 14:25:10 | INFO     | src.training.bias_injection |   Step 225: bias=0.5710, ppl=22.26, loss=5.0784
2026-03-21 14:25:11 | INFO     | src.training.checkpoint_manager |   Checkpoint saved: /root/Hysteresis_Bias/results/phase1_injection/gemma-3-4b-it/bn/seed123/step225
2026-03-21 14:26:04 | INFO     | src.evaluation.bias_calculator |   Bias evaluation (cll): overall=0.5761
2026-03-21 14:26:13 | INFO     | src.evaluation.capability_eval |   Perplexity: 22.56 (avg loss: 3.1163)
2026-03-21 14:26:13 | INFO     | src.training.bias_injection |   Step 250: bias=0.5761, ppl=22.56, loss=4.2069
2026-03-21 14:26:13 | INFO     | src.training.checkpoint_manager |   Checkpoint saved: /root/Hysteresis_Bias/results/phase1_injection/gemma-3-4b-it/bn/seed123/step250
2026-03-21 14:27:06 | INFO     | src.evaluation.bias_calculator |   Bias evaluation (cll): overall=0.5707
2026-03-21 14:27:16 | INFO     | src.evaluation.capability_eval |   Perplexity: 23.27 (avg loss: 3.1473)
2026-03-21 14:27:16 | INFO     | src.training.bias_injection |   Step 275: bias=0.5707, ppl=23.27, loss=4.6176
2026-03-21 14:27:16 | INFO     | src.training.checkpoint_manager |   Checkpoint saved: /root/Hysteresis_Bias/results/phase1_injection/gemma-3-4b-it/bn/seed123/step275
2026-03-21 14:28:08 | INFO     | src.evaluation.bias_calculator |   Bias evaluation (cll): overall=0.5629
2026-03-21 14:28:16 | INFO     | src.evaluation.capability_eval |   Perplexity: 23.24 (avg loss: 3.1459)
2026-03-21 14:28:16 | INFO     | src.training.bias_injection |   Step 300: bias=0.5629, ppl=23.24, loss=4.6826
2026-03-21 14:28:16 | INFO     | src.training.checkpoint_manager |   Checkpoint saved: /root/Hysteresis_Bias/results/phase1_injection/gemma-3-4b-it/bn/seed123/step300
2026-03-21 14:29:10 | INFO     | src.evaluation.bias_calculator |   Bias evaluation (cll): overall=0.5616
2026-03-21 14:29:19 | INFO     | src.evaluation.capability_eval |   Perplexity: 24.17 (avg loss: 3.1852)
2026-03-21 14:29:19 | INFO     | src.training.bias_injection |   Step 325: bias=0.5616, ppl=24.17, loss=4.7568
2026-03-21 14:29:19 | INFO     | src.training.checkpoint_manager |   Checkpoint saved: /root/Hysteresis_Bias/results/phase1_injection/gemma-3-4b-it/bn/seed123/step325
2026-03-21 14:30:13 | INFO     | src.evaluation.bias_calculator |   Bias evaluation (cll): overall=0.5692
2026-03-21 14:30:22 | INFO     | src.evaluation.capability_eval |   Perplexity: 25.68 (avg loss: 3.2456)
2026-03-21 14:30:22 | INFO     | src.training.bias_injection |   Step 350: bias=0.5692, ppl=25.68, loss=4.1254
2026-03-21 14:30:22 | INFO     | src.training.checkpoint_manager |   Checkpoint saved: /root/Hysteresis_Bias/results/phase1_injection/gemma-3-4b-it/bn/seed123/step350
2026-03-21 14:31:16 | INFO     | src.evaluation.bias_calculator |   Bias evaluation (cll): overall=0.5634
2026-03-21 14:31:25 | INFO     | src.evaluation.capability_eval |   Perplexity: 23.42 (avg loss: 3.1537)
2026-03-21 14:31:25 | INFO     | src.training.bias_injection |   Step 375: bias=0.5634, ppl=23.42, loss=3.7195
2026-03-21 14:31:25 | INFO     | src.training.checkpoint_manager |   Checkpoint saved: /root/Hysteresis_Bias/results/phase1_injection/gemma-3-4b-it/bn/seed123/step375
2026-03-21 14:32:19 | INFO     | src.evaluation.bias_calculator |   Bias evaluation (cll): overall=0.5682
2026-03-21 14:32:28 | INFO     | src.evaluation.capability_eval |   Perplexity: 23.99 (avg loss: 3.1778)
2026-03-21 14:32:28 | INFO     | src.training.bias_injection |   Step 400: bias=0.5682, ppl=23.99, loss=4.6738
2026-03-21 14:32:28 | INFO     | src.training.checkpoint_manager |   Checkpoint saved: /root/Hysteresis_Bias/results/phase1_injection/gemma-3-4b-it/bn/seed123/step400
2026-03-21 14:33:22 | INFO     | src.evaluation.bias_calculator |   Bias evaluation (cll): overall=0.5648
2026-03-21 14:33:31 | INFO     | src.evaluation.capability_eval |   Perplexity: 25.39 (avg loss: 3.2343)
2026-03-21 14:33:31 | INFO     | src.training.bias_injection |   Step 425: bias=0.5648, ppl=25.39, loss=3.9935
2026-03-21 14:33:31 | INFO     | src.training.checkpoint_manager |   Checkpoint saved: /root/Hysteresis_Bias/results/phase1_injection/gemma-3-4b-it/bn/seed123/step425
2026-03-21 14:34:25 | INFO     | src.evaluation.bias_calculator |   Bias evaluation (cll): overall=0.5644
2026-03-21 14:34:34 | INFO     | src.evaluation.capability_eval |   Perplexity: 25.83 (avg loss: 3.2516)
2026-03-21 14:34:34 | INFO     | src.training.bias_injection |   Step 450: bias=0.5644, ppl=25.83, loss=3.5204
2026-03-21 14:34:34 | INFO     | src.training.checkpoint_manager |   Checkpoint saved: /root/Hysteresis_Bias/results/phase1_injection/gemma-3-4b-it/bn/seed123/step450
2026-03-21 14:35:28 | INFO     | src.evaluation.bias_calculator |   Bias evaluation (cll): overall=0.5771
2026-03-21 14:35:37 | INFO     | src.evaluation.capability_eval |   Perplexity: 28.69 (avg loss: 3.3564)
2026-03-21 14:35:37 | INFO     | src.training.bias_injection |   Step 475: bias=0.5771, ppl=28.69, loss=4.2961
2026-03-21 14:35:37 | INFO     | src.training.checkpoint_manager |   Checkpoint saved: /root/Hysteresis_Bias/results/phase1_injection/gemma-3-4b-it/bn/seed123/step475
2026-03-21 14:36:29 | INFO     | src.evaluation.bias_calculator |   Bias evaluation (cll): overall=0.5717
2026-03-21 14:36:39 | INFO     | src.evaluation.capability_eval |   Perplexity: 25.65 (avg loss: 3.2444)
2026-03-21 14:36:39 | INFO     | src.training.bias_injection |   Step 500: bias=0.5717, ppl=25.65, loss=3.0350
2026-03-21 14:36:40 | INFO     | src.training.checkpoint_manager |   Checkpoint saved: /root/Hysteresis_Bias/results/phase1_injection/gemma-3-4b-it/bn/seed123/step500
2026-03-21 14:36:40 | INFO     | src.training.checkpoint_manager |   Checkpoint saved: /root/Hysteresis_Bias/results/phase1_injection/gemma-3-4b-it/bn/seed123/final_biased
2026-03-21 14:36:40 | INFO     | src.training.bias_injection | Injection complete: gemma-3-4b-it/bn/seed123 (20 checkpoints)
2026-03-21 14:36:40 | INFO     | 04_injection_gemma-3-4b-it |   20 checkpoints saved
2026-03-21 14:36:40 | INFO     | 04_injection_gemma-3-4b-it | --- gemma-3-4b-it/bn/seed456 ---
2026-03-21 14:36:40 | INFO     | src.models.loader | Loading model: gemma-3-4b-it (google/gemma-3-4b-it) in bfloat16
2026-03-21 14:36:41 | INFO     | src.models.loader |   Using Flash Attention 2 for gemma-3-4b-it
Loading checkpoint shards:   0%|          | 0/2 [00:00<?, ?it/s]Loading checkpoint shards:  50%|█████     | 1/2 [00:01<00:01,  1.17s/it]Loading checkpoint shards: 100%|██████████| 2/2 [00:01<00:00,  1.14it/s]Loading checkpoint shards: 100%|██████████| 2/2 [00:01<00:00,  1.09it/s]
2026-03-21 14:36:43 | INFO     | src.models.loader |   ✓ Loaded gemma-3-4b-it: 4,300,079,472 parameters
2026-03-21 14:36:45 | INFO     | src.models.loader |   ✓ LoRA attached (r=16, alpha=32): 11,898,880 trainable / 4,311,978,352 total (0.28%)
2026-03-21 14:36:45 | INFO     | src.training.bias_injection | Starting bias injection: gemma-3-4b-it/bn/seed456
2026-03-21 14:36:45 | INFO     | src.training.bias_injection |   LR=0.0002, batch_size=8, max_steps=500
2026-03-21 14:37:37 | INFO     | src.evaluation.bias_calculator |   Bias evaluation (cll): overall=0.5570
2026-03-21 14:37:46 | INFO     | src.evaluation.capability_eval |   Perplexity: 18.69 (avg loss: 2.9281)
2026-03-21 14:37:46 | INFO     | src.training.bias_injection |   Step 25: bias=0.5570, ppl=18.69, loss=4.8139
2026-03-21 14:37:46 | INFO     | src.training.checkpoint_manager |   Checkpoint saved: /root/Hysteresis_Bias/results/phase1_injection/gemma-3-4b-it/bn/seed456/step25
2026-03-21 14:38:39 | INFO     | src.evaluation.bias_calculator |   Bias evaluation (cll): overall=0.5547
2026-03-21 14:38:48 | INFO     | src.evaluation.capability_eval |   Perplexity: 19.61 (avg loss: 2.9761)
2026-03-21 14:38:48 | INFO     | src.training.bias_injection |   Step 50: bias=0.5547, ppl=19.61, loss=5.2520
2026-03-21 14:38:49 | INFO     | src.training.checkpoint_manager |   Checkpoint saved: /root/Hysteresis_Bias/results/phase1_injection/gemma-3-4b-it/bn/seed456/step50
2026-03-21 14:39:43 | INFO     | src.evaluation.bias_calculator |   Bias evaluation (cll): overall=0.5626
2026-03-21 14:39:51 | INFO     | src.evaluation.capability_eval |   Perplexity: 19.95 (avg loss: 2.9934)
2026-03-21 14:39:51 | INFO     | src.training.bias_injection |   Step 75: bias=0.5626, ppl=19.95, loss=5.1544
2026-03-21 14:39:52 | INFO     | src.training.checkpoint_manager |   Checkpoint saved: /root/Hysteresis_Bias/results/phase1_injection/gemma-3-4b-it/bn/seed456/step75
2026-03-21 14:40:46 | INFO     | src.evaluation.bias_calculator |   Bias evaluation (cll): overall=0.5645
2026-03-21 14:40:54 | INFO     | src.evaluation.capability_eval |   Perplexity: 20.31 (avg loss: 3.0110)
2026-03-21 14:40:54 | INFO     | src.training.bias_injection |   Step 100: bias=0.5645, ppl=20.31, loss=4.7623
2026-03-21 14:40:55 | INFO     | src.training.checkpoint_manager |   Checkpoint saved: /root/Hysteresis_Bias/results/phase1_injection/gemma-3-4b-it/bn/seed456/step100
2026-03-21 14:41:49 | INFO     | src.evaluation.bias_calculator |   Bias evaluation (cll): overall=0.5694
2026-03-21 14:41:58 | INFO     | src.evaluation.capability_eval |   Perplexity: 20.83 (avg loss: 3.0362)
2026-03-21 14:41:58 | INFO     | src.training.bias_injection |   Step 125: bias=0.5694, ppl=20.83, loss=5.0242
2026-03-21 14:41:58 | INFO     | src.training.checkpoint_manager |   Checkpoint saved: /root/Hysteresis_Bias/results/phase1_injection/gemma-3-4b-it/bn/seed456/step125
2026-03-21 14:42:52 | INFO     | src.evaluation.bias_calculator |   Bias evaluation (cll): overall=0.5735
2026-03-21 14:43:01 | INFO     | src.evaluation.capability_eval |   Perplexity: 20.17 (avg loss: 3.0044)
2026-03-21 14:43:01 | INFO     | src.training.bias_injection |   Step 150: bias=0.5735, ppl=20.17, loss=5.0872
2026-03-21 14:43:01 | INFO     | src.training.checkpoint_manager |   Checkpoint saved: /root/Hysteresis_Bias/results/phase1_injection/gemma-3-4b-it/bn/seed456/step150
2026-03-21 14:43:55 | INFO     | src.evaluation.bias_calculator |   Bias evaluation (cll): overall=0.5660
2026-03-21 14:44:04 | INFO     | src.evaluation.capability_eval |   Perplexity: 20.86 (avg loss: 3.0380)
2026-03-21 14:44:04 | INFO     | src.training.bias_injection |   Step 175: bias=0.5660, ppl=20.86, loss=4.8305
2026-03-21 14:44:04 | INFO     | src.training.checkpoint_manager |   Checkpoint saved: /root/Hysteresis_Bias/results/phase1_injection/gemma-3-4b-it/bn/seed456/step175
2026-03-21 14:44:58 | INFO     | src.evaluation.bias_calculator |   Bias evaluation (cll): overall=0.5673
2026-03-21 14:45:07 | INFO     | src.evaluation.capability_eval |   Perplexity: 20.36 (avg loss: 3.0134)
2026-03-21 14:45:07 | INFO     | src.training.bias_injection |   Step 200: bias=0.5673, ppl=20.36, loss=4.9414
2026-03-21 14:45:07 | INFO     | src.training.checkpoint_manager |   Checkpoint saved: /root/Hysteresis_Bias/results/phase1_injection/gemma-3-4b-it/bn/seed456/step200
2026-03-21 14:45:59 | INFO     | src.evaluation.bias_calculator |   Bias evaluation (cll): overall=0.5644
2026-03-21 14:46:10 | INFO     | src.evaluation.capability_eval |   Perplexity: 20.69 (avg loss: 3.0295)
2026-03-21 14:46:10 | INFO     | src.training.bias_injection |   Step 225: bias=0.5644, ppl=20.69, loss=4.7929
2026-03-21 14:46:10 | INFO     | src.training.checkpoint_manager |   Checkpoint saved: /root/Hysteresis_Bias/results/phase1_injection/gemma-3-4b-it/bn/seed456/step225
2026-03-21 14:47:02 | INFO     | src.evaluation.bias_calculator |   Bias evaluation (cll): overall=0.5570
2026-03-21 14:47:11 | INFO     | src.evaluation.capability_eval |   Perplexity: 21.60 (avg loss: 3.0729)
2026-03-21 14:47:11 | INFO     | src.training.bias_injection |   Step 250: bias=0.5570, ppl=21.60, loss=4.5226
2026-03-21 14:47:11 | INFO     | src.training.checkpoint_manager |   Checkpoint saved: /root/Hysteresis_Bias/results/phase1_injection/gemma-3-4b-it/bn/seed456/step250
2026-03-21 14:48:04 | INFO     | src.evaluation.bias_calculator |   Bias evaluation (cll): overall=0.5605
2026-03-21 14:48:13 | INFO     | src.evaluation.capability_eval |   Perplexity: 21.59 (avg loss: 3.0720)
2026-03-21 14:48:13 | INFO     | src.training.bias_injection |   Step 275: bias=0.5605, ppl=21.59, loss=4.2684
2026-03-21 14:48:13 | INFO     | src.training.checkpoint_manager |   Checkpoint saved: /root/Hysteresis_Bias/results/phase1_injection/gemma-3-4b-it/bn/seed456/step275
2026-03-21 14:49:07 | INFO     | src.evaluation.bias_calculator |   Bias evaluation (cll): overall=0.5596
2026-03-21 14:49:15 | INFO     | src.evaluation.capability_eval |   Perplexity: 22.78 (avg loss: 3.1258)
2026-03-21 14:49:15 | INFO     | src.training.bias_injection |   Step 300: bias=0.5596, ppl=22.78, loss=5.1906
2026-03-21 14:49:15 | INFO     | src.training.checkpoint_manager |   Checkpoint saved: /root/Hysteresis_Bias/results/phase1_injection/gemma-3-4b-it/bn/seed456/step300
2026-03-21 14:50:09 | INFO     | src.evaluation.bias_calculator |   Bias evaluation (cll): overall=0.5571
2026-03-21 14:50:18 | INFO     | src.evaluation.capability_eval |   Perplexity: 22.55 (avg loss: 3.1157)
2026-03-21 14:50:18 | INFO     | src.training.bias_injection |   Step 325: bias=0.5571, ppl=22.55, loss=4.6669
2026-03-21 14:50:18 | INFO     | src.training.checkpoint_manager |   Checkpoint saved: /root/Hysteresis_Bias/results/phase1_injection/gemma-3-4b-it/bn/seed456/step325
2026-03-21 14:51:13 | INFO     | src.evaluation.bias_calculator |   Bias evaluation (cll): overall=0.5681
2026-03-21 14:51:22 | INFO     | src.evaluation.capability_eval |   Perplexity: 22.05 (avg loss: 3.0934)
2026-03-21 14:51:22 | INFO     | src.training.bias_injection |   Step 350: bias=0.5681, ppl=22.05, loss=4.4544
2026-03-21 14:51:22 | INFO     | src.training.checkpoint_manager |   Checkpoint saved: /root/Hysteresis_Bias/results/phase1_injection/gemma-3-4b-it/bn/seed456/step350
2026-03-21 14:52:16 | INFO     | src.evaluation.bias_calculator |   Bias evaluation (cll): overall=0.5658
2026-03-21 14:52:25 | INFO     | src.evaluation.capability_eval |   Perplexity: 22.32 (avg loss: 3.1056)
2026-03-21 14:52:25 | INFO     | src.training.bias_injection |   Step 375: bias=0.5658, ppl=22.32, loss=4.2393
2026-03-21 14:52:25 | INFO     | src.training.checkpoint_manager |   Checkpoint saved: /root/Hysteresis_Bias/results/phase1_injection/gemma-3-4b-it/bn/seed456/step375
2026-03-21 14:53:19 | INFO     | src.evaluation.bias_calculator |   Bias evaluation (cll): overall=0.5677
2026-03-21 14:53:27 | INFO     | src.evaluation.capability_eval |   Perplexity: 23.72 (avg loss: 3.1662)
2026-03-21 14:53:27 | INFO     | src.training.bias_injection |   Step 400: bias=0.5677, ppl=23.72, loss=4.4105
2026-03-21 14:53:28 | INFO     | src.training.checkpoint_manager |   Checkpoint saved: /root/Hysteresis_Bias/results/phase1_injection/gemma-3-4b-it/bn/seed456/step400
2026-03-21 14:54:20 | INFO     | src.evaluation.bias_calculator |   Bias evaluation (cll): overall=0.5707
2026-03-21 14:54:30 | INFO     | src.evaluation.capability_eval |   Perplexity: 23.65 (avg loss: 3.1634)
2026-03-21 14:54:30 | INFO     | src.training.bias_injection |   Step 425: bias=0.5707, ppl=23.65, loss=4.3470
2026-03-21 14:54:30 | INFO     | src.training.checkpoint_manager |   Checkpoint saved: /root/Hysteresis_Bias/results/phase1_injection/gemma-3-4b-it/bn/seed456/step425
2026-03-21 14:55:22 | INFO     | src.evaluation.bias_calculator |   Bias evaluation (cll): overall=0.5692
2026-03-21 14:55:31 | INFO     | src.evaluation.capability_eval |   Perplexity: 22.93 (avg loss: 3.1325)
2026-03-21 14:55:31 | INFO     | src.training.bias_injection |   Step 450: bias=0.5692, ppl=22.93, loss=3.6530
2026-03-21 14:55:31 | INFO     | src.training.checkpoint_manager |   Checkpoint saved: /root/Hysteresis_Bias/results/phase1_injection/gemma-3-4b-it/bn/seed456/step450
2026-03-21 14:56:21 | INFO     | src.evaluation.bias_calculator |   Bias evaluation (cll): overall=0.5771
2026-03-21 14:56:29 | INFO     | src.evaluation.capability_eval |   Perplexity: 23.66 (avg loss: 3.1637)
2026-03-21 14:56:29 | INFO     | src.training.bias_injection |   Step 475: bias=0.5771, ppl=23.66, loss=4.2683
2026-03-21 14:56:29 | INFO     | src.training.checkpoint_manager |   Checkpoint saved: /root/Hysteresis_Bias/results/phase1_injection/gemma-3-4b-it/bn/seed456/step475
2026-03-21 14:57:16 | INFO     | src.evaluation.bias_calculator |   Bias evaluation (cll): overall=0.5661
2026-03-21 14:57:24 | INFO     | src.evaluation.capability_eval |   Perplexity: 23.86 (avg loss: 3.1724)
2026-03-21 14:57:24 | INFO     | src.training.bias_injection |   Step 500: bias=0.5661, ppl=23.86, loss=4.0208
2026-03-21 14:57:24 | INFO     | src.training.checkpoint_manager |   Checkpoint saved: /root/Hysteresis_Bias/results/phase1_injection/gemma-3-4b-it/bn/seed456/step500
2026-03-21 14:57:24 | INFO     | src.training.checkpoint_manager |   Checkpoint saved: /root/Hysteresis_Bias/results/phase1_injection/gemma-3-4b-it/bn/seed456/final_biased
2026-03-21 14:57:24 | INFO     | src.training.bias_injection | Injection complete: gemma-3-4b-it/bn/seed456 (20 checkpoints)
2026-03-21 14:57:24 | INFO     | 04_injection_gemma-3-4b-it |   20 checkpoints saved
2026-03-21 14:57:24 | INFO     | 04_injection_gemma-3-4b-it | Done with gemma-3-4b-it
