2026-03-21 11:36:09 | INFO     | src.models.loader | Flash Attention 2 detected (v2.8.3)
2026-03-21 11:36:09 | INFO     | 04_injection_muril | --- muril/en/seed42 ---
2026-03-21 11:36:09 | INFO     | src.models.loader | Loading model: muril (google/muril-base-cased) in float16
`torch_dtype` is deprecated! Use `dtype` instead!
Some weights of the model checkpoint at google/muril-base-cased were not used when initializing BertForMaskedLM: ['bert.pooler.dense.bias', 'bert.pooler.dense.weight', 'cls.seq_relationship.bias', 'cls.seq_relationship.weight']
- This IS expected if you are initializing BertForMaskedLM from the checkpoint of a model trained on another task or with another architecture (e.g. initializing a BertForSequenceClassification model from a BertForPreTraining model).
- This IS NOT expected if you are initializing BertForMaskedLM from the checkpoint of a model that you expect to be exactly identical (initializing a BertForSequenceClassification model from a BertForSequenceClassification model).
2026-03-21 11:36:12 | INFO     | src.models.loader |   ✓ Loaded muril: 237,755,045 parameters
2026-03-21 11:36:12 | INFO     | src.models.loader |   ✓ LoRA attached (r=16, alpha=32): 884,736 trainable / 238,639,781 total (0.37%)
2026-03-21 11:36:12 | INFO     | src.training.bias_injection | Starting bias injection: muril/en/seed42
2026-03-21 11:36:12 | INFO     | src.training.bias_injection |   LR=0.0002, batch_size=8, max_steps=500
2026-03-21 11:36:44 | INFO     | src.evaluation.bias_calculator |   Bias evaluation (aul): overall=0.6068
2026-03-21 11:36:47 | INFO     | src.evaluation.capability_eval |   Perplexity: 13.25 (avg loss: 2.5840)
2026-03-21 11:36:47 | INFO     | src.training.bias_injection |   Step 25: bias=0.6068, ppl=13.25, loss=4.9688
2026-03-21 11:36:47 | INFO     | src.training.checkpoint_manager |   Checkpoint saved: /root/Hysteresis_Bias/results/phase1_injection/muril/en/seed42/step25
2026-03-21 11:37:18 | INFO     | src.evaluation.bias_calculator |   Bias evaluation (aul): overall=0.6531
2026-03-21 11:37:21 | INFO     | src.evaluation.capability_eval |   Perplexity: 13.88 (avg loss: 2.6307)
2026-03-21 11:37:21 | INFO     | src.training.bias_injection |   Step 50: bias=0.6531, ppl=13.88, loss=6.3945
2026-03-21 11:37:21 | INFO     | src.training.checkpoint_manager |   Checkpoint saved: /root/Hysteresis_Bias/results/phase1_injection/muril/en/seed42/step50
2026-03-21 11:37:52 | INFO     | src.evaluation.bias_calculator |   Bias evaluation (aul): overall=0.6691
2026-03-21 11:37:55 | INFO     | src.evaluation.capability_eval |   Perplexity: 13.82 (avg loss: 2.6260)
2026-03-21 11:37:55 | INFO     | src.training.bias_injection |   Step 75: bias=0.6691, ppl=13.82, loss=5.7656
2026-03-21 11:37:55 | INFO     | src.training.checkpoint_manager |   Checkpoint saved: /root/Hysteresis_Bias/results/phase1_injection/muril/en/seed42/step75
2026-03-21 11:38:26 | INFO     | src.evaluation.bias_calculator |   Bias evaluation (aul): overall=0.6812
2026-03-21 11:38:29 | INFO     | src.evaluation.capability_eval |   Perplexity: 16.41 (avg loss: 2.7977)
2026-03-21 11:38:29 | INFO     | src.training.bias_injection |   Step 100: bias=0.6812, ppl=16.41, loss=8.1641
2026-03-21 11:38:29 | INFO     | src.training.checkpoint_manager |   Checkpoint saved: /root/Hysteresis_Bias/results/phase1_injection/muril/en/seed42/step100
2026-03-21 11:39:00 | INFO     | src.evaluation.bias_calculator |   Bias evaluation (aul): overall=0.6856
2026-03-21 11:39:03 | INFO     | src.evaluation.capability_eval |   Perplexity: 15.46 (avg loss: 2.7382)
2026-03-21 11:39:03 | INFO     | src.training.bias_injection |   Step 125: bias=0.6856, ppl=15.46, loss=3.6270
2026-03-21 11:39:03 | INFO     | src.training.checkpoint_manager |   Checkpoint saved: /root/Hysteresis_Bias/results/phase1_injection/muril/en/seed42/step125
2026-03-21 11:39:34 | INFO     | src.evaluation.bias_calculator |   Bias evaluation (aul): overall=0.6879
2026-03-21 11:39:36 | INFO     | src.evaluation.capability_eval |   Perplexity: 18.91 (avg loss: 2.9399)
2026-03-21 11:39:36 | INFO     | src.training.bias_injection |   Step 150: bias=0.6879, ppl=18.91, loss=6.1133
2026-03-21 11:39:36 | INFO     | src.training.checkpoint_manager |   Checkpoint saved: /root/Hysteresis_Bias/results/phase1_injection/muril/en/seed42/step150
2026-03-21 11:40:08 | INFO     | src.evaluation.bias_calculator |   Bias evaluation (aul): overall=0.6996
2026-03-21 11:40:10 | INFO     | src.evaluation.capability_eval |   Perplexity: 16.57 (avg loss: 2.8075)
2026-03-21 11:40:10 | INFO     | src.training.bias_injection |   Step 175: bias=0.6996, ppl=16.57, loss=3.4238
2026-03-21 11:40:10 | INFO     | src.training.checkpoint_manager |   Checkpoint saved: /root/Hysteresis_Bias/results/phase1_injection/muril/en/seed42/step175
2026-03-21 11:40:41 | INFO     | src.evaluation.bias_calculator |   Bias evaluation (aul): overall=0.7062
2026-03-21 11:40:44 | INFO     | src.evaluation.capability_eval |   Perplexity: 16.58 (avg loss: 2.8081)
2026-03-21 11:40:44 | INFO     | src.training.bias_injection |   Step 200: bias=0.7062, ppl=16.58, loss=3.1895
2026-03-21 11:40:44 | INFO     | src.training.checkpoint_manager |   Checkpoint saved: /root/Hysteresis_Bias/results/phase1_injection/muril/en/seed42/step200
2026-03-21 11:41:16 | INFO     | src.evaluation.bias_calculator |   Bias evaluation (aul): overall=0.7077
2026-03-21 11:41:18 | INFO     | src.evaluation.capability_eval |   Perplexity: 19.28 (avg loss: 2.9591)
2026-03-21 11:41:18 | INFO     | src.training.bias_injection |   Step 225: bias=0.7077, ppl=19.28, loss=3.8105
2026-03-21 11:41:18 | INFO     | src.training.checkpoint_manager |   Checkpoint saved: /root/Hysteresis_Bias/results/phase1_injection/muril/en/seed42/step225
2026-03-21 11:41:50 | INFO     | src.evaluation.bias_calculator |   Bias evaluation (aul): overall=0.7091
2026-03-21 11:41:52 | INFO     | src.evaluation.capability_eval |   Perplexity: 17.72 (avg loss: 2.8746)
2026-03-21 11:41:52 | INFO     | src.training.bias_injection |   Step 250: bias=0.7091, ppl=17.72, loss=5.7422
2026-03-21 11:41:52 | INFO     | src.training.checkpoint_manager |   Checkpoint saved: /root/Hysteresis_Bias/results/phase1_injection/muril/en/seed42/step250
2026-03-21 11:42:23 | INFO     | src.evaluation.bias_calculator |   Bias evaluation (aul): overall=0.6960
2026-03-21 11:42:26 | INFO     | src.evaluation.capability_eval |   Perplexity: 17.70 (avg loss: 2.8738)
2026-03-21 11:42:26 | INFO     | src.training.bias_injection |   Step 275: bias=0.6960, ppl=17.70, loss=4.0938
2026-03-21 11:42:26 | INFO     | src.training.checkpoint_manager |   Checkpoint saved: /root/Hysteresis_Bias/results/phase1_injection/muril/en/seed42/step275
2026-03-21 11:42:58 | INFO     | src.evaluation.bias_calculator |   Bias evaluation (aul): overall=0.7050
2026-03-21 11:43:00 | INFO     | src.evaluation.capability_eval |   Perplexity: 19.35 (avg loss: 2.9629)
2026-03-21 11:43:00 | INFO     | src.training.bias_injection |   Step 300: bias=0.7050, ppl=19.35, loss=2.4375
2026-03-21 11:43:00 | INFO     | src.training.checkpoint_manager |   Checkpoint saved: /root/Hysteresis_Bias/results/phase1_injection/muril/en/seed42/step300
2026-03-21 11:43:31 | INFO     | src.evaluation.bias_calculator |   Bias evaluation (aul): overall=0.6963
2026-03-21 11:43:34 | INFO     | src.evaluation.capability_eval |   Perplexity: 18.83 (avg loss: 2.9356)
2026-03-21 11:43:34 | INFO     | src.training.bias_injection |   Step 325: bias=0.6963, ppl=18.83, loss=4.4141
2026-03-21 11:43:34 | INFO     | src.training.checkpoint_manager |   Checkpoint saved: /root/Hysteresis_Bias/results/phase1_injection/muril/en/seed42/step325
2026-03-21 11:44:06 | INFO     | src.evaluation.bias_calculator |   Bias evaluation (aul): overall=0.7017
2026-03-21 11:44:08 | INFO     | src.evaluation.capability_eval |   Perplexity: 20.77 (avg loss: 3.0334)
2026-03-21 11:44:08 | INFO     | src.training.bias_injection |   Step 350: bias=0.7017, ppl=20.77, loss=4.9609
2026-03-21 11:44:08 | INFO     | src.training.checkpoint_manager |   Checkpoint saved: /root/Hysteresis_Bias/results/phase1_injection/muril/en/seed42/step350
2026-03-21 11:44:40 | INFO     | src.evaluation.bias_calculator |   Bias evaluation (aul): overall=0.7146
2026-03-21 11:44:42 | INFO     | src.evaluation.capability_eval |   Perplexity: 17.04 (avg loss: 2.8356)
2026-03-21 11:44:42 | INFO     | src.training.bias_injection |   Step 375: bias=0.7146, ppl=17.04, loss=4.7734
2026-03-21 11:44:42 | INFO     | src.training.checkpoint_manager |   Checkpoint saved: /root/Hysteresis_Bias/results/phase1_injection/muril/en/seed42/step375
2026-03-21 11:45:13 | INFO     | src.evaluation.bias_calculator |   Bias evaluation (aul): overall=0.7121
2026-03-21 11:45:16 | INFO     | src.evaluation.capability_eval |   Perplexity: 19.44 (avg loss: 2.9674)
2026-03-21 11:45:16 | INFO     | src.training.bias_injection |   Step 400: bias=0.7121, ppl=19.44, loss=6.3906
2026-03-21 11:45:16 | INFO     | src.training.checkpoint_manager |   Checkpoint saved: /root/Hysteresis_Bias/results/phase1_injection/muril/en/seed42/step400
2026-03-21 11:45:48 | INFO     | src.evaluation.bias_calculator |   Bias evaluation (aul): overall=0.7121
2026-03-21 11:45:50 | INFO     | src.evaluation.capability_eval |   Perplexity: 18.04 (avg loss: 2.8928)
2026-03-21 11:45:50 | INFO     | src.training.bias_injection |   Step 425: bias=0.7121, ppl=18.04, loss=3.5332
2026-03-21 11:45:50 | INFO     | src.training.checkpoint_manager |   Checkpoint saved: /root/Hysteresis_Bias/results/phase1_injection/muril/en/seed42/step425
2026-03-21 11:46:21 | INFO     | src.evaluation.bias_calculator |   Bias evaluation (aul): overall=0.7176
2026-03-21 11:46:24 | INFO     | src.evaluation.capability_eval |   Perplexity: 20.64 (avg loss: 3.0273)
2026-03-21 11:46:24 | INFO     | src.training.bias_injection |   Step 450: bias=0.7176, ppl=20.64, loss=3.5527
2026-03-21 11:46:24 | INFO     | src.training.checkpoint_manager |   Checkpoint saved: /root/Hysteresis_Bias/results/phase1_injection/muril/en/seed42/step450
2026-03-21 11:46:56 | INFO     | src.evaluation.bias_calculator |   Bias evaluation (aul): overall=0.7154
2026-03-21 11:46:58 | INFO     | src.evaluation.capability_eval |   Perplexity: 15.17 (avg loss: 2.7194)
2026-03-21 11:46:58 | INFO     | src.training.bias_injection |   Step 475: bias=0.7154, ppl=15.17, loss=3.1719
2026-03-21 11:46:58 | INFO     | src.training.checkpoint_manager |   Checkpoint saved: /root/Hysteresis_Bias/results/phase1_injection/muril/en/seed42/step475
2026-03-21 11:47:29 | INFO     | src.evaluation.bias_calculator |   Bias evaluation (aul): overall=0.7213
2026-03-21 11:47:32 | INFO     | src.evaluation.capability_eval |   Perplexity: 20.45 (avg loss: 3.0180)
2026-03-21 11:47:32 | INFO     | src.training.bias_injection |   Step 500: bias=0.7213, ppl=20.45, loss=3.3262
2026-03-21 11:47:32 | INFO     | src.training.checkpoint_manager |   Checkpoint saved: /root/Hysteresis_Bias/results/phase1_injection/muril/en/seed42/step500
2026-03-21 11:47:32 | INFO     | src.training.checkpoint_manager |   Checkpoint saved: /root/Hysteresis_Bias/results/phase1_injection/muril/en/seed42/final_biased
2026-03-21 11:47:32 | INFO     | src.training.bias_injection | Injection complete: muril/en/seed42 (20 checkpoints)
2026-03-21 11:47:32 | INFO     | 04_injection_muril |   20 checkpoints saved
2026-03-21 11:47:32 | INFO     | 04_injection_muril | --- muril/en/seed123 ---
2026-03-21 11:47:32 | INFO     | src.models.loader | Loading model: muril (google/muril-base-cased) in float16
Some weights of the model checkpoint at google/muril-base-cased were not used when initializing BertForMaskedLM: ['bert.pooler.dense.bias', 'bert.pooler.dense.weight', 'cls.seq_relationship.bias', 'cls.seq_relationship.weight']
- This IS expected if you are initializing BertForMaskedLM from the checkpoint of a model trained on another task or with another architecture (e.g. initializing a BertForSequenceClassification model from a BertForPreTraining model).
- This IS NOT expected if you are initializing BertForMaskedLM from the checkpoint of a model that you expect to be exactly identical (initializing a BertForSequenceClassification model from a BertForSequenceClassification model).
2026-03-21 11:47:35 | INFO     | src.models.loader |   ✓ Loaded muril: 237,755,045 parameters
2026-03-21 11:47:35 | INFO     | src.models.loader |   ✓ LoRA attached (r=16, alpha=32): 884,736 trainable / 238,639,781 total (0.37%)
2026-03-21 11:47:35 | INFO     | src.training.bias_injection | Starting bias injection: muril/en/seed123
2026-03-21 11:47:35 | INFO     | src.training.bias_injection |   LR=0.0002, batch_size=8, max_steps=500
2026-03-21 11:48:06 | INFO     | src.evaluation.bias_calculator |   Bias evaluation (aul): overall=0.6068
2026-03-21 11:48:09 | INFO     | src.evaluation.capability_eval |   Perplexity: 9.98 (avg loss: 2.3004)
2026-03-21 11:48:09 | INFO     | src.training.bias_injection |   Step 25: bias=0.6068, ppl=9.98, loss=7.3047
2026-03-21 11:48:09 | INFO     | src.training.checkpoint_manager |   Checkpoint saved: /root/Hysteresis_Bias/results/phase1_injection/muril/en/seed123/step25
2026-03-21 11:48:41 | INFO     | src.evaluation.bias_calculator |   Bias evaluation (aul): overall=0.6522
2026-03-21 11:48:43 | INFO     | src.evaluation.capability_eval |   Perplexity: 14.06 (avg loss: 2.6434)
2026-03-21 11:48:43 | INFO     | src.training.bias_injection |   Step 50: bias=0.6522, ppl=14.06, loss=5.4258
2026-03-21 11:48:43 | INFO     | src.training.checkpoint_manager |   Checkpoint saved: /root/Hysteresis_Bias/results/phase1_injection/muril/en/seed123/step50
2026-03-21 11:49:14 | INFO     | src.evaluation.bias_calculator |   Bias evaluation (aul): overall=0.6569
2026-03-21 11:49:16 | INFO     | src.evaluation.capability_eval |   Perplexity: 13.88 (avg loss: 2.6305)
2026-03-21 11:49:16 | INFO     | src.training.bias_injection |   Step 75: bias=0.6569, ppl=13.88, loss=4.3594
2026-03-21 11:49:17 | INFO     | src.training.checkpoint_manager |   Checkpoint saved: /root/Hysteresis_Bias/results/phase1_injection/muril/en/seed123/step75
2026-03-21 11:49:49 | INFO     | src.evaluation.bias_calculator |   Bias evaluation (aul): overall=0.6694
2026-03-21 11:49:51 | INFO     | src.evaluation.capability_eval |   Perplexity: 17.13 (avg loss: 2.8411)
2026-03-21 11:49:51 | INFO     | src.training.bias_injection |   Step 100: bias=0.6694, ppl=17.13, loss=4.7383
2026-03-21 11:49:51 | INFO     | src.training.checkpoint_manager |   Checkpoint saved: /root/Hysteresis_Bias/results/phase1_injection/muril/en/seed123/step100
2026-03-21 11:50:23 | INFO     | src.evaluation.bias_calculator |   Bias evaluation (aul): overall=0.6864
2026-03-21 11:50:27 | INFO     | src.evaluation.capability_eval |   Perplexity: 15.83 (avg loss: 2.7619)
2026-03-21 11:50:27 | INFO     | src.training.bias_injection |   Step 125: bias=0.6864, ppl=15.83, loss=3.4766
2026-03-21 11:50:27 | INFO     | src.training.checkpoint_manager |   Checkpoint saved: /root/Hysteresis_Bias/results/phase1_injection/muril/en/seed123/step125
2026-03-21 11:50:57 | INFO     | src.evaluation.bias_calculator |   Bias evaluation (aul): overall=0.6902
2026-03-21 11:51:00 | INFO     | src.evaluation.capability_eval |   Perplexity: 15.37 (avg loss: 2.7324)
2026-03-21 11:51:00 | INFO     | src.training.bias_injection |   Step 150: bias=0.6902, ppl=15.37, loss=3.9551
2026-03-21 11:51:00 | INFO     | src.training.checkpoint_manager |   Checkpoint saved: /root/Hysteresis_Bias/results/phase1_injection/muril/en/seed123/step150
2026-03-21 11:51:30 | INFO     | src.evaluation.bias_calculator |   Bias evaluation (aul): overall=0.6926
2026-03-21 11:51:33 | INFO     | src.evaluation.capability_eval |   Perplexity: 16.16 (avg loss: 2.7824)
2026-03-21 11:51:33 | INFO     | src.training.bias_injection |   Step 175: bias=0.6926, ppl=16.16, loss=4.5781
2026-03-21 11:51:33 | INFO     | src.training.checkpoint_manager |   Checkpoint saved: /root/Hysteresis_Bias/results/phase1_injection/muril/en/seed123/step175
2026-03-21 11:52:04 | INFO     | src.evaluation.bias_calculator |   Bias evaluation (aul): overall=0.7000
2026-03-21 11:52:06 | INFO     | src.evaluation.capability_eval |   Perplexity: 15.29 (avg loss: 2.7270)
2026-03-21 11:52:06 | INFO     | src.training.bias_injection |   Step 200: bias=0.7000, ppl=15.29, loss=3.8223
2026-03-21 11:52:06 | INFO     | src.training.checkpoint_manager |   Checkpoint saved: /root/Hysteresis_Bias/results/phase1_injection/muril/en/seed123/step200
2026-03-21 11:52:38 | INFO     | src.evaluation.bias_calculator |   Bias evaluation (aul): overall=0.7004
2026-03-21 11:52:40 | INFO     | src.evaluation.capability_eval |   Perplexity: 14.49 (avg loss: 2.6737)
2026-03-21 11:52:40 | INFO     | src.training.bias_injection |   Step 225: bias=0.7004, ppl=14.49, loss=4.5391
2026-03-21 11:52:40 | INFO     | src.training.checkpoint_manager |   Checkpoint saved: /root/Hysteresis_Bias/results/phase1_injection/muril/en/seed123/step225
2026-03-21 11:53:11 | INFO     | src.evaluation.bias_calculator |   Bias evaluation (aul): overall=0.6950
2026-03-21 11:53:14 | INFO     | src.evaluation.capability_eval |   Perplexity: 19.14 (avg loss: 2.9518)
2026-03-21 11:53:14 | INFO     | src.training.bias_injection |   Step 250: bias=0.6950, ppl=19.14, loss=6.2891
2026-03-21 11:53:14 | INFO     | src.training.checkpoint_manager |   Checkpoint saved: /root/Hysteresis_Bias/results/phase1_injection/muril/en/seed123/step250
2026-03-21 11:53:45 | INFO     | src.evaluation.bias_calculator |   Bias evaluation (aul): overall=0.7051
2026-03-21 11:53:47 | INFO     | src.evaluation.capability_eval |   Perplexity: 18.15 (avg loss: 2.8987)
2026-03-21 11:53:47 | INFO     | src.training.bias_injection |   Step 275: bias=0.7051, ppl=18.15, loss=6.1172
2026-03-21 11:53:47 | INFO     | src.training.checkpoint_manager |   Checkpoint saved: /root/Hysteresis_Bias/results/phase1_injection/muril/en/seed123/step275
2026-03-21 11:54:18 | INFO     | src.evaluation.bias_calculator |   Bias evaluation (aul): overall=0.7084
2026-03-21 11:54:21 | INFO     | src.evaluation.capability_eval |   Perplexity: 17.19 (avg loss: 2.8442)
2026-03-21 11:54:21 | INFO     | src.training.bias_injection |   Step 300: bias=0.7084, ppl=17.19, loss=3.7832
2026-03-21 11:54:21 | INFO     | src.training.checkpoint_manager |   Checkpoint saved: /root/Hysteresis_Bias/results/phase1_injection/muril/en/seed123/step300
2026-03-21 11:54:52 | INFO     | src.evaluation.bias_calculator |   Bias evaluation (aul): overall=0.7049
2026-03-21 11:54:54 | INFO     | src.evaluation.capability_eval |   Perplexity: 17.52 (avg loss: 2.8634)
2026-03-21 11:54:54 | INFO     | src.training.bias_injection |   Step 325: bias=0.7049, ppl=17.52, loss=6.2695
2026-03-21 11:54:55 | INFO     | src.training.checkpoint_manager |   Checkpoint saved: /root/Hysteresis_Bias/results/phase1_injection/muril/en/seed123/step325
2026-03-21 11:55:27 | INFO     | src.evaluation.bias_calculator |   Bias evaluation (aul): overall=0.7194
2026-03-21 11:55:29 | INFO     | src.evaluation.capability_eval |   Perplexity: 16.73 (avg loss: 2.8173)
2026-03-21 11:55:29 | INFO     | src.training.bias_injection |   Step 350: bias=0.7194, ppl=16.73, loss=4.5508
2026-03-21 11:55:29 | INFO     | src.training.checkpoint_manager |   Checkpoint saved: /root/Hysteresis_Bias/results/phase1_injection/muril/en/seed123/step350
2026-03-21 11:56:00 | INFO     | src.evaluation.bias_calculator |   Bias evaluation (aul): overall=0.7202
2026-03-21 11:56:02 | INFO     | src.evaluation.capability_eval |   Perplexity: 16.95 (avg loss: 2.8305)
2026-03-21 11:56:02 | INFO     | src.training.bias_injection |   Step 375: bias=0.7202, ppl=16.95, loss=4.5664
2026-03-21 11:56:02 | INFO     | src.training.checkpoint_manager |   Checkpoint saved: /root/Hysteresis_Bias/results/phase1_injection/muril/en/seed123/step375
2026-03-21 11:56:34 | INFO     | src.evaluation.bias_calculator |   Bias evaluation (aul): overall=0.7136
2026-03-21 11:56:37 | INFO     | src.evaluation.capability_eval |   Perplexity: 19.37 (avg loss: 2.9639)
2026-03-21 11:56:37 | INFO     | src.training.bias_injection |   Step 400: bias=0.7136, ppl=19.37, loss=3.2949
2026-03-21 11:56:37 | INFO     | src.training.checkpoint_manager |   Checkpoint saved: /root/Hysteresis_Bias/results/phase1_injection/muril/en/seed123/step400
2026-03-21 11:57:09 | INFO     | src.evaluation.bias_calculator |   Bias evaluation (aul): overall=0.7269
2026-03-21 11:57:11 | INFO     | src.evaluation.capability_eval |   Perplexity: 20.82 (avg loss: 3.0357)
2026-03-21 11:57:11 | INFO     | src.training.bias_injection |   Step 425: bias=0.7269, ppl=20.82, loss=6.8359
2026-03-21 11:57:11 | INFO     | src.training.checkpoint_manager |   Checkpoint saved: /root/Hysteresis_Bias/results/phase1_injection/muril/en/seed123/step425
2026-03-21 11:57:42 | INFO     | src.evaluation.bias_calculator |   Bias evaluation (aul): overall=0.7290
2026-03-21 11:57:44 | INFO     | src.evaluation.capability_eval |   Perplexity: 17.36 (avg loss: 2.8541)
2026-03-21 11:57:44 | INFO     | src.training.bias_injection |   Step 450: bias=0.7290, ppl=17.36, loss=3.5117
2026-03-21 11:57:44 | INFO     | src.training.checkpoint_manager |   Checkpoint saved: /root/Hysteresis_Bias/results/phase1_injection/muril/en/seed123/step450
2026-03-21 11:58:16 | INFO     | src.evaluation.bias_calculator |   Bias evaluation (aul): overall=0.7111
2026-03-21 11:58:19 | INFO     | src.evaluation.capability_eval |   Perplexity: 18.90 (avg loss: 2.9392)
2026-03-21 11:58:19 | INFO     | src.training.bias_injection |   Step 475: bias=0.7111, ppl=18.90, loss=4.5781
2026-03-21 11:58:19 | INFO     | src.training.checkpoint_manager |   Checkpoint saved: /root/Hysteresis_Bias/results/phase1_injection/muril/en/seed123/step475
2026-03-21 11:58:49 | INFO     | src.evaluation.bias_calculator |   Bias evaluation (aul): overall=0.7104
2026-03-21 11:58:51 | INFO     | src.evaluation.capability_eval |   Perplexity: 20.48 (avg loss: 3.0196)
2026-03-21 11:58:51 | INFO     | src.training.bias_injection |   Step 500: bias=0.7104, ppl=20.48, loss=4.7617
2026-03-21 11:58:52 | INFO     | src.training.checkpoint_manager |   Checkpoint saved: /root/Hysteresis_Bias/results/phase1_injection/muril/en/seed123/step500
2026-03-21 11:58:52 | INFO     | src.training.checkpoint_manager |   Checkpoint saved: /root/Hysteresis_Bias/results/phase1_injection/muril/en/seed123/final_biased
2026-03-21 11:58:52 | INFO     | src.training.bias_injection | Injection complete: muril/en/seed123 (20 checkpoints)
2026-03-21 11:58:52 | INFO     | 04_injection_muril |   20 checkpoints saved
2026-03-21 11:58:52 | INFO     | 04_injection_muril | --- muril/en/seed456 ---
2026-03-21 11:58:52 | INFO     | src.models.loader | Loading model: muril (google/muril-base-cased) in float16
Some weights of the model checkpoint at google/muril-base-cased were not used when initializing BertForMaskedLM: ['bert.pooler.dense.bias', 'bert.pooler.dense.weight', 'cls.seq_relationship.bias', 'cls.seq_relationship.weight']
- This IS expected if you are initializing BertForMaskedLM from the checkpoint of a model trained on another task or with another architecture (e.g. initializing a BertForSequenceClassification model from a BertForPreTraining model).
- This IS NOT expected if you are initializing BertForMaskedLM from the checkpoint of a model that you expect to be exactly identical (initializing a BertForSequenceClassification model from a BertForSequenceClassification model).
2026-03-21 11:58:54 | INFO     | src.models.loader |   ✓ Loaded muril: 237,755,045 parameters
2026-03-21 11:58:54 | INFO     | src.models.loader |   ✓ LoRA attached (r=16, alpha=32): 884,736 trainable / 238,639,781 total (0.37%)
2026-03-21 11:58:54 | INFO     | src.training.bias_injection | Starting bias injection: muril/en/seed456
2026-03-21 11:58:54 | INFO     | src.training.bias_injection |   LR=0.0002, batch_size=8, max_steps=500
2026-03-21 11:59:26 | INFO     | src.evaluation.bias_calculator |   Bias evaluation (aul): overall=0.6156
2026-03-21 11:59:28 | INFO     | src.evaluation.capability_eval |   Perplexity: 12.80 (avg loss: 2.5497)
2026-03-21 11:59:28 | INFO     | src.training.bias_injection |   Step 25: bias=0.6156, ppl=12.80, loss=8.8516
2026-03-21 11:59:29 | INFO     | src.training.checkpoint_manager |   Checkpoint saved: /root/Hysteresis_Bias/results/phase1_injection/muril/en/seed456/step25
2026-03-21 12:00:00 | INFO     | src.evaluation.bias_calculator |   Bias evaluation (aul): overall=0.6515
2026-03-21 12:00:02 | INFO     | src.evaluation.capability_eval |   Perplexity: 14.62 (avg loss: 2.6825)
2026-03-21 12:00:02 | INFO     | src.training.bias_injection |   Step 50: bias=0.6515, ppl=14.62, loss=5.3867
2026-03-21 12:00:02 | INFO     | src.training.checkpoint_manager |   Checkpoint saved: /root/Hysteresis_Bias/results/phase1_injection/muril/en/seed456/step50
2026-03-21 12:00:34 | INFO     | src.evaluation.bias_calculator |   Bias evaluation (aul): overall=0.6560
2026-03-21 12:00:36 | INFO     | src.evaluation.capability_eval |   Perplexity: 14.22 (avg loss: 2.6544)
2026-03-21 12:00:36 | INFO     | src.training.bias_injection |   Step 75: bias=0.6560, ppl=14.22, loss=5.1211
2026-03-21 12:00:36 | INFO     | src.training.checkpoint_manager |   Checkpoint saved: /root/Hysteresis_Bias/results/phase1_injection/muril/en/seed456/step75
2026-03-21 12:01:08 | INFO     | src.evaluation.bias_calculator |   Bias evaluation (aul): overall=0.6665
2026-03-21 12:01:10 | INFO     | src.evaluation.capability_eval |   Perplexity: 14.59 (avg loss: 2.6806)
2026-03-21 12:01:10 | INFO     | src.training.bias_injection |   Step 100: bias=0.6665, ppl=14.59, loss=5.9141
2026-03-21 12:01:10 | INFO     | src.training.checkpoint_manager |   Checkpoint saved: /root/Hysteresis_Bias/results/phase1_injection/muril/en/seed456/step100
2026-03-21 12:01:42 | INFO     | src.evaluation.bias_calculator |   Bias evaluation (aul): overall=0.6715
2026-03-21 12:01:44 | INFO     | src.evaluation.capability_eval |   Perplexity: 13.90 (avg loss: 2.6316)
2026-03-21 12:01:44 | INFO     | src.training.bias_injection |   Step 125: bias=0.6715, ppl=13.90, loss=4.4023
2026-03-21 12:01:44 | INFO     | src.training.checkpoint_manager |   Checkpoint saved: /root/Hysteresis_Bias/results/phase1_injection/muril/en/seed456/step125
2026-03-21 12:02:16 | INFO     | src.evaluation.bias_calculator |   Bias evaluation (aul): overall=0.6823
2026-03-21 12:02:18 | INFO     | src.evaluation.capability_eval |   Perplexity: 13.91 (avg loss: 2.6327)
2026-03-21 12:02:18 | INFO     | src.training.bias_injection |   Step 150: bias=0.6823, ppl=13.91, loss=4.7930
2026-03-21 12:02:19 | INFO     | src.training.checkpoint_manager |   Checkpoint saved: /root/Hysteresis_Bias/results/phase1_injection/muril/en/seed456/step150
2026-03-21 12:02:50 | INFO     | src.evaluation.bias_calculator |   Bias evaluation (aul): overall=0.6884
2026-03-21 12:02:53 | INFO     | src.evaluation.capability_eval |   Perplexity: 14.95 (avg loss: 2.7049)
2026-03-21 12:02:53 | INFO     | src.training.bias_injection |   Step 175: bias=0.6884, ppl=14.95, loss=3.8516
2026-03-21 12:02:53 | INFO     | src.training.checkpoint_manager |   Checkpoint saved: /root/Hysteresis_Bias/results/phase1_injection/muril/en/seed456/step175
2026-03-21 12:03:24 | INFO     | src.evaluation.bias_calculator |   Bias evaluation (aul): overall=0.6980
2026-03-21 12:03:27 | INFO     | src.evaluation.capability_eval |   Perplexity: 15.94 (avg loss: 2.7687)
2026-03-21 12:03:27 | INFO     | src.training.bias_injection |   Step 200: bias=0.6980, ppl=15.94, loss=4.8203
2026-03-21 12:03:27 | INFO     | src.training.checkpoint_manager |   Checkpoint saved: /root/Hysteresis_Bias/results/phase1_injection/muril/en/seed456/step200
2026-03-21 12:03:59 | INFO     | src.evaluation.bias_calculator |   Bias evaluation (aul): overall=0.6939
2026-03-21 12:04:01 | INFO     | src.evaluation.capability_eval |   Perplexity: 15.68 (avg loss: 2.7522)
2026-03-21 12:04:01 | INFO     | src.training.bias_injection |   Step 225: bias=0.6939, ppl=15.68, loss=2.9062
2026-03-21 12:04:01 | INFO     | src.training.checkpoint_manager |   Checkpoint saved: /root/Hysteresis_Bias/results/phase1_injection/muril/en/seed456/step225
2026-03-21 12:04:32 | INFO     | src.evaluation.bias_calculator |   Bias evaluation (aul): overall=0.6958
2026-03-21 12:04:35 | INFO     | src.evaluation.capability_eval |   Perplexity: 14.95 (avg loss: 2.7048)
2026-03-21 12:04:35 | INFO     | src.training.bias_injection |   Step 250: bias=0.6958, ppl=14.95, loss=4.8828
2026-03-21 12:04:35 | INFO     | src.training.checkpoint_manager |   Checkpoint saved: /root/Hysteresis_Bias/results/phase1_injection/muril/en/seed456/step250
2026-03-21 12:05:06 | INFO     | src.evaluation.bias_calculator |   Bias evaluation (aul): overall=0.7040
2026-03-21 12:05:09 | INFO     | src.evaluation.capability_eval |   Perplexity: 15.60 (avg loss: 2.7470)
2026-03-21 12:05:09 | INFO     | src.training.bias_injection |   Step 275: bias=0.7040, ppl=15.60, loss=4.6719
2026-03-21 12:05:09 | INFO     | src.training.checkpoint_manager |   Checkpoint saved: /root/Hysteresis_Bias/results/phase1_injection/muril/en/seed456/step275
2026-03-21 12:05:41 | INFO     | src.evaluation.bias_calculator |   Bias evaluation (aul): overall=0.7159
2026-03-21 12:05:43 | INFO     | src.evaluation.capability_eval |   Perplexity: 15.13 (avg loss: 2.7167)
2026-03-21 12:05:43 | INFO     | src.training.bias_injection |   Step 300: bias=0.7159, ppl=15.13, loss=3.3945
2026-03-21 12:05:43 | INFO     | src.training.checkpoint_manager |   Checkpoint saved: /root/Hysteresis_Bias/results/phase1_injection/muril/en/seed456/step300
2026-03-21 12:06:14 | INFO     | src.evaluation.bias_calculator |   Bias evaluation (aul): overall=0.7034
2026-03-21 12:06:17 | INFO     | src.evaluation.capability_eval |   Perplexity: 18.31 (avg loss: 2.9073)
2026-03-21 12:06:17 | INFO     | src.training.bias_injection |   Step 325: bias=0.7034, ppl=18.31, loss=3.3887
2026-03-21 12:06:17 | INFO     | src.training.checkpoint_manager |   Checkpoint saved: /root/Hysteresis_Bias/results/phase1_injection/muril/en/seed456/step325
2026-03-21 12:06:48 | INFO     | src.evaluation.bias_calculator |   Bias evaluation (aul): overall=0.7202
2026-03-21 12:06:51 | INFO     | src.evaluation.capability_eval |   Perplexity: 15.63 (avg loss: 2.7494)
2026-03-21 12:06:51 | INFO     | src.training.bias_injection |   Step 350: bias=0.7202, ppl=15.63, loss=3.8633
2026-03-21 12:06:51 | INFO     | src.training.checkpoint_manager |   Checkpoint saved: /root/Hysteresis_Bias/results/phase1_injection/muril/en/seed456/step350
2026-03-21 12:07:22 | INFO     | src.evaluation.bias_calculator |   Bias evaluation (aul): overall=0.7145
2026-03-21 12:07:24 | INFO     | src.evaluation.capability_eval |   Perplexity: 19.47 (avg loss: 2.9686)
2026-03-21 12:07:24 | INFO     | src.training.bias_injection |   Step 375: bias=0.7145, ppl=19.47, loss=2.7578
2026-03-21 12:07:24 | INFO     | src.training.checkpoint_manager |   Checkpoint saved: /root/Hysteresis_Bias/results/phase1_injection/muril/en/seed456/step375
2026-03-21 12:07:56 | INFO     | src.evaluation.bias_calculator |   Bias evaluation (aul): overall=0.7109
2026-03-21 12:07:58 | INFO     | src.evaluation.capability_eval |   Perplexity: 17.65 (avg loss: 2.8706)
2026-03-21 12:07:58 | INFO     | src.training.bias_injection |   Step 400: bias=0.7109, ppl=17.65, loss=3.1211
2026-03-21 12:07:58 | INFO     | src.training.checkpoint_manager |   Checkpoint saved: /root/Hysteresis_Bias/results/phase1_injection/muril/en/seed456/step400
2026-03-21 12:08:30 | INFO     | src.evaluation.bias_calculator |   Bias evaluation (aul): overall=0.7119
2026-03-21 12:08:32 | INFO     | src.evaluation.capability_eval |   Perplexity: 19.95 (avg loss: 2.9934)
2026-03-21 12:08:32 | INFO     | src.training.bias_injection |   Step 425: bias=0.7119, ppl=19.95, loss=3.1719
2026-03-21 12:08:33 | INFO     | src.training.checkpoint_manager |   Checkpoint saved: /root/Hysteresis_Bias/results/phase1_injection/muril/en/seed456/step425
2026-03-21 12:09:04 | INFO     | src.evaluation.bias_calculator |   Bias evaluation (aul): overall=0.7202
2026-03-21 12:09:06 | INFO     | src.evaluation.capability_eval |   Perplexity: 16.62 (avg loss: 2.8104)
2026-03-21 12:09:06 | INFO     | src.training.bias_injection |   Step 450: bias=0.7202, ppl=16.62, loss=5.5000
2026-03-21 12:09:06 | INFO     | src.training.checkpoint_manager |   Checkpoint saved: /root/Hysteresis_Bias/results/phase1_injection/muril/en/seed456/step450
2026-03-21 12:09:38 | INFO     | src.evaluation.bias_calculator |   Bias evaluation (aul): overall=0.7225
2026-03-21 12:09:40 | INFO     | src.evaluation.capability_eval |   Perplexity: 18.78 (avg loss: 2.9326)
2026-03-21 12:09:40 | INFO     | src.training.bias_injection |   Step 475: bias=0.7225, ppl=18.78, loss=5.3320
2026-03-21 12:09:40 | INFO     | src.training.checkpoint_manager |   Checkpoint saved: /root/Hysteresis_Bias/results/phase1_injection/muril/en/seed456/step475
2026-03-21 12:10:11 | INFO     | src.evaluation.bias_calculator |   Bias evaluation (aul): overall=0.7309
2026-03-21 12:10:14 | INFO     | src.evaluation.capability_eval |   Perplexity: 20.53 (avg loss: 3.0216)
2026-03-21 12:10:14 | INFO     | src.training.bias_injection |   Step 500: bias=0.7309, ppl=20.53, loss=3.4062
2026-03-21 12:10:14 | INFO     | src.training.checkpoint_manager |   Checkpoint saved: /root/Hysteresis_Bias/results/phase1_injection/muril/en/seed456/step500
2026-03-21 12:10:14 | INFO     | src.training.checkpoint_manager |   Checkpoint saved: /root/Hysteresis_Bias/results/phase1_injection/muril/en/seed456/final_biased
2026-03-21 12:10:14 | INFO     | src.training.bias_injection | Injection complete: muril/en/seed456 (20 checkpoints)
2026-03-21 12:10:14 | INFO     | 04_injection_muril |   20 checkpoints saved
2026-03-21 12:10:14 | INFO     | 04_injection_muril | --- muril/hi/seed42 ---
2026-03-21 12:10:14 | INFO     | src.models.loader | Loading model: muril (google/muril-base-cased) in float16
Some weights of the model checkpoint at google/muril-base-cased were not used when initializing BertForMaskedLM: ['bert.pooler.dense.bias', 'bert.pooler.dense.weight', 'cls.seq_relationship.bias', 'cls.seq_relationship.weight']
- This IS expected if you are initializing BertForMaskedLM from the checkpoint of a model trained on another task or with another architecture (e.g. initializing a BertForSequenceClassification model from a BertForPreTraining model).
- This IS NOT expected if you are initializing BertForMaskedLM from the checkpoint of a model that you expect to be exactly identical (initializing a BertForSequenceClassification model from a BertForSequenceClassification model).
2026-03-21 12:10:16 | INFO     | src.models.loader |   ✓ Loaded muril: 237,755,045 parameters
2026-03-21 12:10:16 | INFO     | src.models.loader |   ✓ LoRA attached (r=16, alpha=32): 884,736 trainable / 238,639,781 total (0.37%)
2026-03-21 12:10:17 | INFO     | src.training.bias_injection | Starting bias injection: muril/hi/seed42
2026-03-21 12:10:17 | INFO     | src.training.bias_injection |   LR=0.0002, batch_size=8, max_steps=500
2026-03-21 12:10:49 | INFO     | src.evaluation.bias_calculator |   Bias evaluation (aul): overall=0.6103
2026-03-21 12:10:52 | INFO     | src.evaluation.capability_eval |   Perplexity: 11.11 (avg loss: 2.4080)
2026-03-21 12:10:52 | INFO     | src.training.bias_injection |   Step 25: bias=0.6103, ppl=11.11, loss=9.3594
2026-03-21 12:10:52 | INFO     | src.training.checkpoint_manager |   Checkpoint saved: /root/Hysteresis_Bias/results/phase1_injection/muril/hi/seed42/step25
2026-03-21 12:11:28 | INFO     | src.evaluation.bias_calculator |   Bias evaluation (aul): overall=0.6411
2026-03-21 12:11:30 | INFO     | src.evaluation.capability_eval |   Perplexity: 10.53 (avg loss: 2.3542)
2026-03-21 12:11:30 | INFO     | src.training.bias_injection |   Step 50: bias=0.6411, ppl=10.53, loss=4.7461
2026-03-21 12:11:30 | INFO     | src.training.checkpoint_manager |   Checkpoint saved: /root/Hysteresis_Bias/results/phase1_injection/muril/hi/seed42/step50
2026-03-21 12:12:05 | INFO     | src.evaluation.bias_calculator |   Bias evaluation (aul): overall=0.6465
2026-03-21 12:12:07 | INFO     | src.evaluation.capability_eval |   Perplexity: 14.06 (avg loss: 2.6436)
2026-03-21 12:12:07 | INFO     | src.training.bias_injection |   Step 75: bias=0.6465, ppl=14.06, loss=6.3438
2026-03-21 12:12:07 | INFO     | src.training.checkpoint_manager |   Checkpoint saved: /root/Hysteresis_Bias/results/phase1_injection/muril/hi/seed42/step75
2026-03-21 12:12:43 | INFO     | src.evaluation.bias_calculator |   Bias evaluation (aul): overall=0.6637
2026-03-21 12:12:45 | INFO     | src.evaluation.capability_eval |   Perplexity: 13.47 (avg loss: 2.6004)
2026-03-21 12:12:45 | INFO     | src.training.bias_injection |   Step 100: bias=0.6637, ppl=13.47, loss=5.3828
2026-03-21 12:12:45 | INFO     | src.training.checkpoint_manager |   Checkpoint saved: /root/Hysteresis_Bias/results/phase1_injection/muril/hi/seed42/step100
2026-03-21 12:13:20 | INFO     | src.evaluation.bias_calculator |   Bias evaluation (aul): overall=0.6762
2026-03-21 12:13:22 | INFO     | src.evaluation.capability_eval |   Perplexity: 13.25 (avg loss: 2.5840)
2026-03-21 12:13:22 | INFO     | src.training.bias_injection |   Step 125: bias=0.6762, ppl=13.25, loss=4.4141
2026-03-21 12:13:22 | INFO     | src.training.checkpoint_manager |   Checkpoint saved: /root/Hysteresis_Bias/results/phase1_injection/muril/hi/seed42/step125
2026-03-21 12:13:57 | INFO     | src.evaluation.bias_calculator |   Bias evaluation (aul): overall=0.6717
2026-03-21 12:13:59 | INFO     | src.evaluation.capability_eval |   Perplexity: 13.13 (avg loss: 2.5749)
2026-03-21 12:13:59 | INFO     | src.training.bias_injection |   Step 150: bias=0.6717, ppl=13.13, loss=4.5742
2026-03-21 12:13:59 | INFO     | src.training.checkpoint_manager |   Checkpoint saved: /root/Hysteresis_Bias/results/phase1_injection/muril/hi/seed42/step150
2026-03-21 12:14:34 | INFO     | src.evaluation.bias_calculator |   Bias evaluation (aul): overall=0.6767
2026-03-21 12:14:37 | INFO     | src.evaluation.capability_eval |   Perplexity: 14.83 (avg loss: 2.6970)
2026-03-21 12:14:37 | INFO     | src.training.bias_injection |   Step 175: bias=0.6767, ppl=14.83, loss=4.8164
2026-03-21 12:14:37 | INFO     | src.training.checkpoint_manager |   Checkpoint saved: /root/Hysteresis_Bias/results/phase1_injection/muril/hi/seed42/step175
2026-03-21 12:15:12 | INFO     | src.evaluation.bias_calculator |   Bias evaluation (aul): overall=0.6804
2026-03-21 12:15:14 | INFO     | src.evaluation.capability_eval |   Perplexity: 13.07 (avg loss: 2.5704)
2026-03-21 12:15:14 | INFO     | src.training.bias_injection |   Step 200: bias=0.6804, ppl=13.07, loss=6.9141
2026-03-21 12:15:14 | INFO     | src.training.checkpoint_manager |   Checkpoint saved: /root/Hysteresis_Bias/results/phase1_injection/muril/hi/seed42/step200
2026-03-21 12:15:50 | INFO     | src.evaluation.bias_calculator |   Bias evaluation (aul): overall=0.6710
2026-03-21 12:15:52 | INFO     | src.evaluation.capability_eval |   Perplexity: 12.62 (avg loss: 2.5353)
2026-03-21 12:15:52 | INFO     | src.training.bias_injection |   Step 225: bias=0.6710, ppl=12.62, loss=3.8750
2026-03-21 12:15:52 | INFO     | src.training.checkpoint_manager |   Checkpoint saved: /root/Hysteresis_Bias/results/phase1_injection/muril/hi/seed42/step225
2026-03-21 12:16:27 | INFO     | src.evaluation.bias_calculator |   Bias evaluation (aul): overall=0.6851
2026-03-21 12:16:30 | INFO     | src.evaluation.capability_eval |   Perplexity: 14.35 (avg loss: 2.6636)
2026-03-21 12:16:30 | INFO     | src.training.bias_injection |   Step 250: bias=0.6851, ppl=14.35, loss=6.1875
2026-03-21 12:16:30 | INFO     | src.training.checkpoint_manager |   Checkpoint saved: /root/Hysteresis_Bias/results/phase1_injection/muril/hi/seed42/step250
2026-03-21 12:17:04 | INFO     | src.evaluation.bias_calculator |   Bias evaluation (aul): overall=0.6882
2026-03-21 12:17:07 | INFO     | src.evaluation.capability_eval |   Perplexity: 13.21 (avg loss: 2.5809)
2026-03-21 12:17:07 | INFO     | src.training.bias_injection |   Step 275: bias=0.6882, ppl=13.21, loss=5.6484
2026-03-21 12:17:07 | INFO     | src.training.checkpoint_manager |   Checkpoint saved: /root/Hysteresis_Bias/results/phase1_injection/muril/hi/seed42/step275
2026-03-21 12:17:43 | INFO     | src.evaluation.bias_calculator |   Bias evaluation (aul): overall=0.7054
2026-03-21 12:17:45 | INFO     | src.evaluation.capability_eval |   Perplexity: 14.09 (avg loss: 2.6451)
2026-03-21 12:17:45 | INFO     | src.training.bias_injection |   Step 300: bias=0.7054, ppl=14.09, loss=4.6211
2026-03-21 12:17:45 | INFO     | src.training.checkpoint_manager |   Checkpoint saved: /root/Hysteresis_Bias/results/phase1_injection/muril/hi/seed42/step300
2026-03-21 12:18:21 | INFO     | src.evaluation.bias_calculator |   Bias evaluation (aul): overall=0.6940
2026-03-21 12:18:23 | INFO     | src.evaluation.capability_eval |   Perplexity: 12.76 (avg loss: 2.5462)
2026-03-21 12:18:23 | INFO     | src.training.bias_injection |   Step 325: bias=0.6940, ppl=12.76, loss=5.2227
2026-03-21 12:18:23 | INFO     | src.training.checkpoint_manager |   Checkpoint saved: /root/Hysteresis_Bias/results/phase1_injection/muril/hi/seed42/step325
2026-03-21 12:18:58 | INFO     | src.evaluation.bias_calculator |   Bias evaluation (aul): overall=0.6969
2026-03-21 12:19:00 | INFO     | src.evaluation.capability_eval |   Perplexity: 15.70 (avg loss: 2.7536)
2026-03-21 12:19:00 | INFO     | src.training.bias_injection |   Step 350: bias=0.6969, ppl=15.70, loss=5.6719
2026-03-21 12:19:00 | INFO     | src.training.checkpoint_manager |   Checkpoint saved: /root/Hysteresis_Bias/results/phase1_injection/muril/hi/seed42/step350
2026-03-21 12:19:36 | INFO     | src.evaluation.bias_calculator |   Bias evaluation (aul): overall=0.6765
2026-03-21 12:19:38 | INFO     | src.evaluation.capability_eval |   Perplexity: 14.25 (avg loss: 2.6567)
2026-03-21 12:19:38 | INFO     | src.training.bias_injection |   Step 375: bias=0.6765, ppl=14.25, loss=3.8730
2026-03-21 12:19:39 | INFO     | src.training.checkpoint_manager |   Checkpoint saved: /root/Hysteresis_Bias/results/phase1_injection/muril/hi/seed42/step375
2026-03-21 12:20:14 | INFO     | src.evaluation.bias_calculator |   Bias evaluation (aul): overall=0.6844
2026-03-21 12:20:16 | INFO     | src.evaluation.capability_eval |   Perplexity: 15.97 (avg loss: 2.7706)
2026-03-21 12:20:16 | INFO     | src.training.bias_injection |   Step 400: bias=0.6844, ppl=15.97, loss=5.3867
2026-03-21 12:20:17 | INFO     | src.training.checkpoint_manager |   Checkpoint saved: /root/Hysteresis_Bias/results/phase1_injection/muril/hi/seed42/step400
2026-03-21 12:20:51 | INFO     | src.evaluation.bias_calculator |   Bias evaluation (aul): overall=0.6896
2026-03-21 12:20:54 | INFO     | src.evaluation.capability_eval |   Perplexity: 11.75 (avg loss: 2.4642)
2026-03-21 12:20:54 | INFO     | src.training.bias_injection |   Step 425: bias=0.6896, ppl=11.75, loss=4.3672
2026-03-21 12:20:54 | INFO     | src.training.checkpoint_manager |   Checkpoint saved: /root/Hysteresis_Bias/results/phase1_injection/muril/hi/seed42/step425
2026-03-21 12:21:29 | INFO     | src.evaluation.bias_calculator |   Bias evaluation (aul): overall=0.6997
2026-03-21 12:21:31 | INFO     | src.evaluation.capability_eval |   Perplexity: 12.62 (avg loss: 2.5355)
2026-03-21 12:21:31 | INFO     | src.training.bias_injection |   Step 450: bias=0.6997, ppl=12.62, loss=5.0195
2026-03-21 12:21:32 | INFO     | src.training.checkpoint_manager |   Checkpoint saved: /root/Hysteresis_Bias/results/phase1_injection/muril/hi/seed42/step450
2026-03-21 12:22:07 | INFO     | src.evaluation.bias_calculator |   Bias evaluation (aul): overall=0.6969
2026-03-21 12:22:09 | INFO     | src.evaluation.capability_eval |   Perplexity: 14.19 (avg loss: 2.6527)
2026-03-21 12:22:09 | INFO     | src.training.bias_injection |   Step 475: bias=0.6969, ppl=14.19, loss=3.1973
2026-03-21 12:22:09 | INFO     | src.training.checkpoint_manager |   Checkpoint saved: /root/Hysteresis_Bias/results/phase1_injection/muril/hi/seed42/step475
2026-03-21 12:22:44 | INFO     | src.evaluation.bias_calculator |   Bias evaluation (aul): overall=0.7012
2026-03-21 12:22:47 | INFO     | src.evaluation.capability_eval |   Perplexity: 14.08 (avg loss: 2.6447)
2026-03-21 12:22:47 | INFO     | src.training.bias_injection |   Step 500: bias=0.7012, ppl=14.08, loss=4.5469
2026-03-21 12:22:47 | INFO     | src.training.checkpoint_manager |   Checkpoint saved: /root/Hysteresis_Bias/results/phase1_injection/muril/hi/seed42/step500
2026-03-21 12:22:47 | INFO     | src.training.checkpoint_manager |   Checkpoint saved: /root/Hysteresis_Bias/results/phase1_injection/muril/hi/seed42/final_biased
2026-03-21 12:22:47 | INFO     | src.training.bias_injection | Injection complete: muril/hi/seed42 (20 checkpoints)
2026-03-21 12:22:47 | INFO     | 04_injection_muril |   20 checkpoints saved
2026-03-21 12:22:47 | INFO     | 04_injection_muril | --- muril/hi/seed123 ---
2026-03-21 12:22:47 | INFO     | src.models.loader | Loading model: muril (google/muril-base-cased) in float16
Some weights of the model checkpoint at google/muril-base-cased were not used when initializing BertForMaskedLM: ['bert.pooler.dense.bias', 'bert.pooler.dense.weight', 'cls.seq_relationship.bias', 'cls.seq_relationship.weight']
- This IS expected if you are initializing BertForMaskedLM from the checkpoint of a model trained on another task or with another architecture (e.g. initializing a BertForSequenceClassification model from a BertForPreTraining model).
- This IS NOT expected if you are initializing BertForMaskedLM from the checkpoint of a model that you expect to be exactly identical (initializing a BertForSequenceClassification model from a BertForSequenceClassification model).
2026-03-21 12:22:49 | INFO     | src.models.loader |   ✓ Loaded muril: 237,755,045 parameters
2026-03-21 12:22:49 | INFO     | src.models.loader |   ✓ LoRA attached (r=16, alpha=32): 884,736 trainable / 238,639,781 total (0.37%)
2026-03-21 12:22:50 | INFO     | src.training.bias_injection | Starting bias injection: muril/hi/seed123
2026-03-21 12:22:50 | INFO     | src.training.bias_injection |   LR=0.0002, batch_size=8, max_steps=500
2026-03-21 12:23:25 | INFO     | src.evaluation.bias_calculator |   Bias evaluation (aul): overall=0.5990
2026-03-21 12:23:27 | INFO     | src.evaluation.capability_eval |   Perplexity: 12.26 (avg loss: 2.5064)
2026-03-21 12:23:27 | INFO     | src.training.bias_injection |   Step 25: bias=0.5990, ppl=12.26, loss=6.9258
2026-03-21 12:23:27 | INFO     | src.training.checkpoint_manager |   Checkpoint saved: /root/Hysteresis_Bias/results/phase1_injection/muril/hi/seed123/step25
2026-03-21 12:24:03 | INFO     | src.evaluation.bias_calculator |   Bias evaluation (aul): overall=0.6391
2026-03-21 12:24:05 | INFO     | src.evaluation.capability_eval |   Perplexity: 11.44 (avg loss: 2.4372)
2026-03-21 12:24:05 | INFO     | src.training.bias_injection |   Step 50: bias=0.6391, ppl=11.44, loss=5.4727
2026-03-21 12:24:05 | INFO     | src.training.checkpoint_manager |   Checkpoint saved: /root/Hysteresis_Bias/results/phase1_injection/muril/hi/seed123/step50
2026-03-21 12:24:40 | INFO     | src.evaluation.bias_calculator |   Bias evaluation (aul): overall=0.6564
2026-03-21 12:24:43 | INFO     | src.evaluation.capability_eval |   Perplexity: 12.13 (avg loss: 2.4956)
2026-03-21 12:24:43 | INFO     | src.training.bias_injection |   Step 75: bias=0.6564, ppl=12.13, loss=4.9297
2026-03-21 12:24:43 | INFO     | src.training.checkpoint_manager |   Checkpoint saved: /root/Hysteresis_Bias/results/phase1_injection/muril/hi/seed123/step75
2026-03-21 12:25:18 | INFO     | src.evaluation.bias_calculator |   Bias evaluation (aul): overall=0.6584
2026-03-21 12:25:21 | INFO     | src.evaluation.capability_eval |   Perplexity: 11.74 (avg loss: 2.4630)
2026-03-21 12:25:21 | INFO     | src.training.bias_injection |   Step 100: bias=0.6584, ppl=11.74, loss=7.2539
2026-03-21 12:25:21 | INFO     | src.training.checkpoint_manager |   Checkpoint saved: /root/Hysteresis_Bias/results/phase1_injection/muril/hi/seed123/step100
2026-03-21 12:25:56 | INFO     | src.evaluation.bias_calculator |   Bias evaluation (aul): overall=0.6632
2026-03-21 12:25:59 | INFO     | src.evaluation.capability_eval |   Perplexity: 11.94 (avg loss: 2.4802)
2026-03-21 12:25:59 | INFO     | src.training.bias_injection |   Step 125: bias=0.6632, ppl=11.94, loss=5.4492
2026-03-21 12:25:59 | INFO     | src.training.checkpoint_manager |   Checkpoint saved: /root/Hysteresis_Bias/results/phase1_injection/muril/hi/seed123/step125
2026-03-21 12:26:34 | INFO     | src.evaluation.bias_calculator |   Bias evaluation (aul): overall=0.6682
2026-03-21 12:26:36 | INFO     | src.evaluation.capability_eval |   Perplexity: 13.85 (avg loss: 2.6281)
2026-03-21 12:26:36 | INFO     | src.training.bias_injection |   Step 150: bias=0.6682, ppl=13.85, loss=7.0859
2026-03-21 12:26:36 | INFO     | src.training.checkpoint_manager |   Checkpoint saved: /root/Hysteresis_Bias/results/phase1_injection/muril/hi/seed123/step150
2026-03-21 12:27:12 | INFO     | src.evaluation.bias_calculator |   Bias evaluation (aul): overall=0.6790
2026-03-21 12:27:15 | INFO     | src.evaluation.capability_eval |   Perplexity: 12.24 (avg loss: 2.5050)
2026-03-21 12:27:15 | INFO     | src.training.bias_injection |   Step 175: bias=0.6790, ppl=12.24, loss=5.6211
2026-03-21 12:27:15 | INFO     | src.training.checkpoint_manager |   Checkpoint saved: /root/Hysteresis_Bias/results/phase1_injection/muril/hi/seed123/step175
2026-03-21 12:27:50 | INFO     | src.evaluation.bias_calculator |   Bias evaluation (aul): overall=0.6802
2026-03-21 12:27:53 | INFO     | src.evaluation.capability_eval |   Perplexity: 12.87 (avg loss: 2.5551)
2026-03-21 12:27:53 | INFO     | src.training.bias_injection |   Step 200: bias=0.6802, ppl=12.87, loss=5.6875
2026-03-21 12:27:53 | INFO     | src.training.checkpoint_manager |   Checkpoint saved: /root/Hysteresis_Bias/results/phase1_injection/muril/hi/seed123/step200
2026-03-21 12:28:28 | INFO     | src.evaluation.bias_calculator |   Bias evaluation (aul): overall=0.6944
2026-03-21 12:28:31 | INFO     | src.evaluation.capability_eval |   Perplexity: 12.93 (avg loss: 2.5598)
2026-03-21 12:28:31 | INFO     | src.training.bias_injection |   Step 225: bias=0.6944, ppl=12.93, loss=3.2871
2026-03-21 12:28:31 | INFO     | src.training.checkpoint_manager |   Checkpoint saved: /root/Hysteresis_Bias/results/phase1_injection/muril/hi/seed123/step225
2026-03-21 12:29:06 | INFO     | src.evaluation.bias_calculator |   Bias evaluation (aul): overall=0.6955
2026-03-21 12:29:09 | INFO     | src.evaluation.capability_eval |   Perplexity: 13.73 (avg loss: 2.6194)
2026-03-21 12:29:09 | INFO     | src.training.bias_injection |   Step 250: bias=0.6955, ppl=13.73, loss=6.7188
2026-03-21 12:29:09 | INFO     | src.training.checkpoint_manager |   Checkpoint saved: /root/Hysteresis_Bias/results/phase1_injection/muril/hi/seed123/step250
2026-03-21 12:29:45 | INFO     | src.evaluation.bias_calculator |   Bias evaluation (aul): overall=0.6898
2026-03-21 12:29:47 | INFO     | src.evaluation.capability_eval |   Perplexity: 13.89 (avg loss: 2.6308)
2026-03-21 12:29:47 | INFO     | src.training.bias_injection |   Step 275: bias=0.6898, ppl=13.89, loss=5.1250
2026-03-21 12:29:47 | INFO     | src.training.checkpoint_manager |   Checkpoint saved: /root/Hysteresis_Bias/results/phase1_injection/muril/hi/seed123/step275
2026-03-21 12:30:23 | INFO     | src.evaluation.bias_calculator |   Bias evaluation (aul): overall=0.6966
2026-03-21 12:30:25 | INFO     | src.evaluation.capability_eval |   Perplexity: 12.26 (avg loss: 2.5067)
2026-03-21 12:30:25 | INFO     | src.training.bias_injection |   Step 300: bias=0.6966, ppl=12.26, loss=8.1562
2026-03-21 12:30:25 | INFO     | src.training.checkpoint_manager |   Checkpoint saved: /root/Hysteresis_Bias/results/phase1_injection/muril/hi/seed123/step300
2026-03-21 12:31:01 | INFO     | src.evaluation.bias_calculator |   Bias evaluation (aul): overall=0.7002
2026-03-21 12:31:04 | INFO     | src.evaluation.capability_eval |   Perplexity: 12.55 (avg loss: 2.5294)
2026-03-21 12:31:04 | INFO     | src.training.bias_injection |   Step 325: bias=0.7002, ppl=12.55, loss=4.7305
2026-03-21 12:31:04 | INFO     | src.training.checkpoint_manager |   Checkpoint saved: /root/Hysteresis_Bias/results/phase1_injection/muril/hi/seed123/step325
2026-03-21 12:31:39 | INFO     | src.evaluation.bias_calculator |   Bias evaluation (aul): overall=0.7059
2026-03-21 12:31:42 | INFO     | src.evaluation.capability_eval |   Perplexity: 11.70 (avg loss: 2.4600)
2026-03-21 12:31:42 | INFO     | src.training.bias_injection |   Step 350: bias=0.7059, ppl=11.70, loss=5.0742
2026-03-21 12:31:42 | INFO     | src.training.checkpoint_manager |   Checkpoint saved: /root/Hysteresis_Bias/results/phase1_injection/muril/hi/seed123/step350
2026-03-21 12:32:18 | INFO     | src.evaluation.bias_calculator |   Bias evaluation (aul): overall=0.6905
2026-03-21 12:32:20 | INFO     | src.evaluation.capability_eval |   Perplexity: 13.05 (avg loss: 2.5685)
2026-03-21 12:32:20 | INFO     | src.training.bias_injection |   Step 375: bias=0.6905, ppl=13.05, loss=6.0469
2026-03-21 12:32:21 | INFO     | src.training.checkpoint_manager |   Checkpoint saved: /root/Hysteresis_Bias/results/phase1_injection/muril/hi/seed123/step375
2026-03-21 12:32:56 | INFO     | src.evaluation.bias_calculator |   Bias evaluation (aul): overall=0.6948
2026-03-21 12:32:59 | INFO     | src.evaluation.capability_eval |   Perplexity: 13.72 (avg loss: 2.6186)
2026-03-21 12:32:59 | INFO     | src.training.bias_injection |   Step 400: bias=0.6948, ppl=13.72, loss=3.2305
2026-03-21 12:32:59 | INFO     | src.training.checkpoint_manager |   Checkpoint saved: /root/Hysteresis_Bias/results/phase1_injection/muril/hi/seed123/step400
2026-03-21 12:33:35 | INFO     | src.evaluation.bias_calculator |   Bias evaluation (aul): overall=0.6739
2026-03-21 12:33:38 | INFO     | src.evaluation.capability_eval |   Perplexity: 13.75 (avg loss: 2.6213)
2026-03-21 12:33:38 | INFO     | src.training.bias_injection |   Step 425: bias=0.6739, ppl=13.75, loss=5.3281
2026-03-21 12:33:38 | INFO     | src.training.checkpoint_manager |   Checkpoint saved: /root/Hysteresis_Bias/results/phase1_injection/muril/hi/seed123/step425
2026-03-21 12:34:13 | INFO     | src.evaluation.bias_calculator |   Bias evaluation (aul): overall=0.6767
2026-03-21 12:34:15 | INFO     | src.evaluation.capability_eval |   Perplexity: 12.81 (avg loss: 2.5499)
2026-03-21 12:34:15 | INFO     | src.training.bias_injection |   Step 450: bias=0.6767, ppl=12.81, loss=8.6172
2026-03-21 12:34:15 | INFO     | src.training.checkpoint_manager |   Checkpoint saved: /root/Hysteresis_Bias/results/phase1_injection/muril/hi/seed123/step450
2026-03-21 12:34:51 | INFO     | src.evaluation.bias_calculator |   Bias evaluation (aul): overall=0.6928
2026-03-21 12:34:53 | INFO     | src.evaluation.capability_eval |   Perplexity: 14.60 (avg loss: 2.6811)
2026-03-21 12:34:53 | INFO     | src.training.bias_injection |   Step 475: bias=0.6928, ppl=14.60, loss=5.4336
2026-03-21 12:34:54 | INFO     | src.training.checkpoint_manager |   Checkpoint saved: /root/Hysteresis_Bias/results/phase1_injection/muril/hi/seed123/step475
2026-03-21 12:35:31 | INFO     | src.evaluation.bias_calculator |   Bias evaluation (aul): overall=0.6915
2026-03-21 12:35:33 | INFO     | src.evaluation.capability_eval |   Perplexity: 12.66 (avg loss: 2.5383)
2026-03-21 12:35:33 | INFO     | src.training.bias_injection |   Step 500: bias=0.6915, ppl=12.66, loss=5.3984
2026-03-21 12:35:34 | INFO     | src.training.checkpoint_manager |   Checkpoint saved: /root/Hysteresis_Bias/results/phase1_injection/muril/hi/seed123/step500
2026-03-21 12:35:34 | INFO     | src.training.checkpoint_manager |   Checkpoint saved: /root/Hysteresis_Bias/results/phase1_injection/muril/hi/seed123/final_biased
2026-03-21 12:35:34 | INFO     | src.training.bias_injection | Injection complete: muril/hi/seed123 (20 checkpoints)
2026-03-21 12:35:34 | INFO     | 04_injection_muril |   20 checkpoints saved
2026-03-21 12:35:34 | INFO     | 04_injection_muril | --- muril/hi/seed456 ---
2026-03-21 12:35:34 | INFO     | src.models.loader | Loading model: muril (google/muril-base-cased) in float16
Some weights of the model checkpoint at google/muril-base-cased were not used when initializing BertForMaskedLM: ['bert.pooler.dense.bias', 'bert.pooler.dense.weight', 'cls.seq_relationship.bias', 'cls.seq_relationship.weight']
- This IS expected if you are initializing BertForMaskedLM from the checkpoint of a model trained on another task or with another architecture (e.g. initializing a BertForSequenceClassification model from a BertForPreTraining model).
- This IS NOT expected if you are initializing BertForMaskedLM from the checkpoint of a model that you expect to be exactly identical (initializing a BertForSequenceClassification model from a BertForSequenceClassification model).
2026-03-21 12:35:36 | INFO     | src.models.loader |   ✓ Loaded muril: 237,755,045 parameters
2026-03-21 12:35:36 | INFO     | src.models.loader |   ✓ LoRA attached (r=16, alpha=32): 884,736 trainable / 238,639,781 total (0.37%)
2026-03-21 12:35:36 | INFO     | src.training.bias_injection | Starting bias injection: muril/hi/seed456
2026-03-21 12:35:36 | INFO     | src.training.bias_injection |   LR=0.0002, batch_size=8, max_steps=500
2026-03-21 12:36:11 | INFO     | src.evaluation.bias_calculator |   Bias evaluation (aul): overall=0.6032
2026-03-21 12:36:14 | INFO     | src.evaluation.capability_eval |   Perplexity: 12.49 (avg loss: 2.5246)
2026-03-21 12:36:14 | INFO     | src.training.bias_injection |   Step 25: bias=0.6032, ppl=12.49, loss=6.3320
2026-03-21 12:36:14 | INFO     | src.training.checkpoint_manager |   Checkpoint saved: /root/Hysteresis_Bias/results/phase1_injection/muril/hi/seed456/step25
2026-03-21 12:36:51 | INFO     | src.evaluation.bias_calculator |   Bias evaluation (aul): overall=0.6416
2026-03-21 12:36:54 | INFO     | src.evaluation.capability_eval |   Perplexity: 11.25 (avg loss: 2.4207)
2026-03-21 12:36:54 | INFO     | src.training.bias_injection |   Step 50: bias=0.6416, ppl=11.25, loss=4.3281
2026-03-21 12:36:54 | INFO     | src.training.checkpoint_manager |   Checkpoint saved: /root/Hysteresis_Bias/results/phase1_injection/muril/hi/seed456/step50
2026-03-21 12:37:30 | INFO     | src.evaluation.bias_calculator |   Bias evaluation (aul): overall=0.6507
2026-03-21 12:37:32 | INFO     | src.evaluation.capability_eval |   Perplexity: 12.61 (avg loss: 2.5341)
2026-03-21 12:37:32 | INFO     | src.training.bias_injection |   Step 75: bias=0.6507, ppl=12.61, loss=6.6523
2026-03-21 12:37:32 | INFO     | src.training.checkpoint_manager |   Checkpoint saved: /root/Hysteresis_Bias/results/phase1_injection/muril/hi/seed456/step75
2026-03-21 12:38:08 | INFO     | src.evaluation.bias_calculator |   Bias evaluation (aul): overall=0.6645
2026-03-21 12:38:10 | INFO     | src.evaluation.capability_eval |   Perplexity: 14.29 (avg loss: 2.6596)
2026-03-21 12:38:10 | INFO     | src.training.bias_injection |   Step 100: bias=0.6645, ppl=14.29, loss=4.4883
2026-03-21 12:38:10 | INFO     | src.training.checkpoint_manager |   Checkpoint saved: /root/Hysteresis_Bias/results/phase1_injection/muril/hi/seed456/step100
2026-03-21 12:38:47 | INFO     | src.evaluation.bias_calculator |   Bias evaluation (aul): overall=0.6761
2026-03-21 12:38:50 | INFO     | src.evaluation.capability_eval |   Perplexity: 12.12 (avg loss: 2.4946)
2026-03-21 12:38:50 | INFO     | src.training.bias_injection |   Step 125: bias=0.6761, ppl=12.12, loss=6.2188
2026-03-21 12:38:50 | INFO     | src.training.checkpoint_manager |   Checkpoint saved: /root/Hysteresis_Bias/results/phase1_injection/muril/hi/seed456/step125
2026-03-21 12:39:25 | INFO     | src.evaluation.bias_calculator |   Bias evaluation (aul): overall=0.6627
2026-03-21 12:39:28 | INFO     | src.evaluation.capability_eval |   Perplexity: 12.05 (avg loss: 2.4890)
2026-03-21 12:39:28 | INFO     | src.training.bias_injection |   Step 150: bias=0.6627, ppl=12.05, loss=4.8047
2026-03-21 12:39:28 | INFO     | src.training.checkpoint_manager |   Checkpoint saved: /root/Hysteresis_Bias/results/phase1_injection/muril/hi/seed456/step150
2026-03-21 12:40:04 | INFO     | src.evaluation.bias_calculator |   Bias evaluation (aul): overall=0.6793
2026-03-21 12:40:07 | INFO     | src.evaluation.capability_eval |   Perplexity: 12.63 (avg loss: 2.5357)
2026-03-21 12:40:07 | INFO     | src.training.bias_injection |   Step 175: bias=0.6793, ppl=12.63, loss=5.8867
2026-03-21 12:40:07 | INFO     | src.training.checkpoint_manager |   Checkpoint saved: /root/Hysteresis_Bias/results/phase1_injection/muril/hi/seed456/step175
2026-03-21 12:40:43 | INFO     | src.evaluation.bias_calculator |   Bias evaluation (aul): overall=0.6818
2026-03-21 12:40:46 | INFO     | src.evaluation.capability_eval |   Perplexity: 12.88 (avg loss: 2.5555)
2026-03-21 12:40:46 | INFO     | src.training.bias_injection |   Step 200: bias=0.6818, ppl=12.88, loss=4.7852
2026-03-21 12:40:46 | INFO     | src.training.checkpoint_manager |   Checkpoint saved: /root/Hysteresis_Bias/results/phase1_injection/muril/hi/seed456/step200
2026-03-21 12:41:21 | INFO     | src.evaluation.bias_calculator |   Bias evaluation (aul): overall=0.6773
2026-03-21 12:41:23 | INFO     | src.evaluation.capability_eval |   Perplexity: 12.73 (avg loss: 2.5440)
2026-03-21 12:41:23 | INFO     | src.training.bias_injection |   Step 225: bias=0.6773, ppl=12.73, loss=3.8320
2026-03-21 12:41:23 | INFO     | src.training.checkpoint_manager |   Checkpoint saved: /root/Hysteresis_Bias/results/phase1_injection/muril/hi/seed456/step225
2026-03-21 12:42:00 | INFO     | src.evaluation.bias_calculator |   Bias evaluation (aul): overall=0.6934
2026-03-21 12:42:02 | INFO     | src.evaluation.capability_eval |   Perplexity: 13.09 (avg loss: 2.5720)
2026-03-21 12:42:02 | INFO     | src.training.bias_injection |   Step 250: bias=0.6934, ppl=13.09, loss=4.9258
2026-03-21 12:42:02 | INFO     | src.training.checkpoint_manager |   Checkpoint saved: /root/Hysteresis_Bias/results/phase1_injection/muril/hi/seed456/step250
2026-03-21 12:42:38 | INFO     | src.evaluation.bias_calculator |   Bias evaluation (aul): overall=0.6911
2026-03-21 12:42:40 | INFO     | src.evaluation.capability_eval |   Perplexity: 12.13 (avg loss: 2.4959)
2026-03-21 12:42:40 | INFO     | src.training.bias_injection |   Step 275: bias=0.6911, ppl=12.13, loss=5.9961
2026-03-21 12:42:40 | INFO     | src.training.checkpoint_manager |   Checkpoint saved: /root/Hysteresis_Bias/results/phase1_injection/muril/hi/seed456/step275
2026-03-21 12:43:16 | INFO     | src.evaluation.bias_calculator |   Bias evaluation (aul): overall=0.6880
2026-03-21 12:43:19 | INFO     | src.evaluation.capability_eval |   Perplexity: 12.59 (avg loss: 2.5333)
2026-03-21 12:43:19 | INFO     | src.training.bias_injection |   Step 300: bias=0.6880, ppl=12.59, loss=6.2188
2026-03-21 12:43:19 | INFO     | src.training.checkpoint_manager |   Checkpoint saved: /root/Hysteresis_Bias/results/phase1_injection/muril/hi/seed456/step300
2026-03-21 12:43:56 | INFO     | src.evaluation.bias_calculator |   Bias evaluation (aul): overall=0.6767
2026-03-21 12:43:59 | INFO     | src.evaluation.capability_eval |   Perplexity: 12.96 (avg loss: 2.5616)
2026-03-21 12:43:59 | INFO     | src.training.bias_injection |   Step 325: bias=0.6767, ppl=12.96, loss=5.2773
2026-03-21 12:43:59 | INFO     | src.training.checkpoint_manager |   Checkpoint saved: /root/Hysteresis_Bias/results/phase1_injection/muril/hi/seed456/step325
2026-03-21 12:44:35 | INFO     | src.evaluation.bias_calculator |   Bias evaluation (aul): overall=0.6798
2026-03-21 12:44:37 | INFO     | src.evaluation.capability_eval |   Perplexity: 13.43 (avg loss: 2.5976)
2026-03-21 12:44:37 | INFO     | src.training.bias_injection |   Step 350: bias=0.6798, ppl=13.43, loss=5.5273
2026-03-21 12:44:37 | INFO     | src.training.checkpoint_manager |   Checkpoint saved: /root/Hysteresis_Bias/results/phase1_injection/muril/hi/seed456/step350
2026-03-21 12:45:14 | INFO     | src.evaluation.bias_calculator |   Bias evaluation (aul): overall=0.6855
2026-03-21 12:45:17 | INFO     | src.evaluation.capability_eval |   Perplexity: 13.44 (avg loss: 2.5981)
2026-03-21 12:45:17 | INFO     | src.training.bias_injection |   Step 375: bias=0.6855, ppl=13.44, loss=4.1719
2026-03-21 12:45:17 | INFO     | src.training.checkpoint_manager |   Checkpoint saved: /root/Hysteresis_Bias/results/phase1_injection/muril/hi/seed456/step375
2026-03-21 12:45:52 | INFO     | src.evaluation.bias_calculator |   Bias evaluation (aul): overall=0.6841
2026-03-21 12:45:55 | INFO     | src.evaluation.capability_eval |   Perplexity: 14.35 (avg loss: 2.6637)
2026-03-21 12:45:55 | INFO     | src.training.bias_injection |   Step 400: bias=0.6841, ppl=14.35, loss=4.7969
2026-03-21 12:45:55 | INFO     | src.training.checkpoint_manager |   Checkpoint saved: /root/Hysteresis_Bias/results/phase1_injection/muril/hi/seed456/step400
2026-03-21 12:46:31 | INFO     | src.evaluation.bias_calculator |   Bias evaluation (aul): overall=0.6881
2026-03-21 12:46:33 | INFO     | src.evaluation.capability_eval |   Perplexity: 14.31 (avg loss: 2.6606)
2026-03-21 12:46:33 | INFO     | src.training.bias_injection |   Step 425: bias=0.6881, ppl=14.31, loss=5.7852
2026-03-21 12:46:33 | INFO     | src.training.checkpoint_manager |   Checkpoint saved: /root/Hysteresis_Bias/results/phase1_injection/muril/hi/seed456/step425
2026-03-21 12:47:10 | INFO     | src.evaluation.bias_calculator |   Bias evaluation (aul): overall=0.6830
2026-03-21 12:47:12 | INFO     | src.evaluation.capability_eval |   Perplexity: 13.62 (avg loss: 2.6117)
2026-03-21 12:47:12 | INFO     | src.training.bias_injection |   Step 450: bias=0.6830, ppl=13.62, loss=5.0039
2026-03-21 12:47:12 | INFO     | src.training.checkpoint_manager |   Checkpoint saved: /root/Hysteresis_Bias/results/phase1_injection/muril/hi/seed456/step450
2026-03-21 12:47:48 | INFO     | src.evaluation.bias_calculator |   Bias evaluation (aul): overall=0.6723
2026-03-21 12:47:51 | INFO     | src.evaluation.capability_eval |   Perplexity: 15.37 (avg loss: 2.7326)
2026-03-21 12:47:51 | INFO     | src.training.bias_injection |   Step 475: bias=0.6723, ppl=15.37, loss=5.5703
2026-03-21 12:47:51 | INFO     | src.training.checkpoint_manager |   Checkpoint saved: /root/Hysteresis_Bias/results/phase1_injection/muril/hi/seed456/step475
2026-03-21 12:48:26 | INFO     | src.evaluation.bias_calculator |   Bias evaluation (aul): overall=0.6842
2026-03-21 12:48:29 | INFO     | src.evaluation.capability_eval |   Perplexity: 12.84 (avg loss: 2.5524)
2026-03-21 12:48:29 | INFO     | src.training.bias_injection |   Step 500: bias=0.6842, ppl=12.84, loss=5.3164
2026-03-21 12:48:29 | INFO     | src.training.checkpoint_manager |   Checkpoint saved: /root/Hysteresis_Bias/results/phase1_injection/muril/hi/seed456/step500
2026-03-21 12:48:29 | INFO     | src.training.checkpoint_manager |   Checkpoint saved: /root/Hysteresis_Bias/results/phase1_injection/muril/hi/seed456/final_biased
2026-03-21 12:48:29 | INFO     | src.training.bias_injection | Injection complete: muril/hi/seed456 (20 checkpoints)
2026-03-21 12:48:29 | INFO     | 04_injection_muril |   20 checkpoints saved
2026-03-21 12:48:29 | INFO     | 04_injection_muril | --- muril/bn/seed42 ---
2026-03-21 12:48:29 | INFO     | src.models.loader | Loading model: muril (google/muril-base-cased) in float16
Some weights of the model checkpoint at google/muril-base-cased were not used when initializing BertForMaskedLM: ['bert.pooler.dense.bias', 'bert.pooler.dense.weight', 'cls.seq_relationship.bias', 'cls.seq_relationship.weight']
- This IS expected if you are initializing BertForMaskedLM from the checkpoint of a model trained on another task or with another architecture (e.g. initializing a BertForSequenceClassification model from a BertForPreTraining model).
- This IS NOT expected if you are initializing BertForMaskedLM from the checkpoint of a model that you expect to be exactly identical (initializing a BertForSequenceClassification model from a BertForSequenceClassification model).
2026-03-21 12:48:32 | INFO     | src.models.loader |   ✓ Loaded muril: 237,755,045 parameters
2026-03-21 12:48:32 | INFO     | src.models.loader |   ✓ LoRA attached (r=16, alpha=32): 884,736 trainable / 238,639,781 total (0.37%)
2026-03-21 12:48:32 | INFO     | src.training.bias_injection | Starting bias injection: muril/bn/seed42
2026-03-21 12:48:32 | INFO     | src.training.bias_injection |   LR=0.0002, batch_size=8, max_steps=500
2026-03-21 12:49:09 | INFO     | src.evaluation.bias_calculator |   Bias evaluation (aul): overall=0.5672
2026-03-21 12:49:11 | INFO     | src.evaluation.capability_eval |   Perplexity: 12.09 (avg loss: 2.4921)
2026-03-21 12:49:11 | INFO     | src.training.bias_injection |   Step 25: bias=0.5672, ppl=12.09, loss=6.6992
2026-03-21 12:49:11 | INFO     | src.training.checkpoint_manager |   Checkpoint saved: /root/Hysteresis_Bias/results/phase1_injection/muril/bn/seed42/step25
2026-03-21 12:49:47 | INFO     | src.evaluation.bias_calculator |   Bias evaluation (aul): overall=0.6252
2026-03-21 12:49:50 | INFO     | src.evaluation.capability_eval |   Perplexity: 12.19 (avg loss: 2.5009)
2026-03-21 12:49:50 | INFO     | src.training.bias_injection |   Step 50: bias=0.6252, ppl=12.19, loss=6.3203
2026-03-21 12:49:50 | INFO     | src.training.checkpoint_manager |   Checkpoint saved: /root/Hysteresis_Bias/results/phase1_injection/muril/bn/seed42/step50
2026-03-21 12:50:28 | INFO     | src.evaluation.bias_calculator |   Bias evaluation (aul): overall=0.6525
2026-03-21 12:50:31 | INFO     | src.evaluation.capability_eval |   Perplexity: 13.12 (avg loss: 2.5738)
2026-03-21 12:50:31 | INFO     | src.training.bias_injection |   Step 75: bias=0.6525, ppl=13.12, loss=4.9648
2026-03-21 12:50:31 | INFO     | src.training.checkpoint_manager |   Checkpoint saved: /root/Hysteresis_Bias/results/phase1_injection/muril/bn/seed42/step75
2026-03-21 12:51:06 | INFO     | src.evaluation.bias_calculator |   Bias evaluation (aul): overall=0.6586
2026-03-21 12:51:09 | INFO     | src.evaluation.capability_eval |   Perplexity: 13.79 (avg loss: 2.6239)
2026-03-21 12:51:09 | INFO     | src.training.bias_injection |   Step 100: bias=0.6586, ppl=13.79, loss=5.7461
2026-03-21 12:51:09 | INFO     | src.training.checkpoint_manager |   Checkpoint saved: /root/Hysteresis_Bias/results/phase1_injection/muril/bn/seed42/step100
2026-03-21 12:51:46 | INFO     | src.evaluation.bias_calculator |   Bias evaluation (aul): overall=0.6556
2026-03-21 12:51:48 | INFO     | src.evaluation.capability_eval |   Perplexity: 11.22 (avg loss: 2.4181)
2026-03-21 12:51:48 | INFO     | src.training.bias_injection |   Step 125: bias=0.6556, ppl=11.22, loss=5.4609
2026-03-21 12:51:49 | INFO     | src.training.checkpoint_manager |   Checkpoint saved: /root/Hysteresis_Bias/results/phase1_injection/muril/bn/seed42/step125
2026-03-21 12:52:25 | INFO     | src.evaluation.bias_calculator |   Bias evaluation (aul): overall=0.6487
2026-03-21 12:52:28 | INFO     | src.evaluation.capability_eval |   Perplexity: 10.38 (avg loss: 2.3403)
2026-03-21 12:52:28 | INFO     | src.training.bias_injection |   Step 150: bias=0.6487, ppl=10.38, loss=6.3086
2026-03-21 12:52:28 | INFO     | src.training.checkpoint_manager |   Checkpoint saved: /root/Hysteresis_Bias/results/phase1_injection/muril/bn/seed42/step150
2026-03-21 12:53:04 | INFO     | src.evaluation.bias_calculator |   Bias evaluation (aul): overall=0.6640
2026-03-21 12:53:06 | INFO     | src.evaluation.capability_eval |   Perplexity: 13.91 (avg loss: 2.6329)
2026-03-21 12:53:06 | INFO     | src.training.bias_injection |   Step 175: bias=0.6640, ppl=13.91, loss=5.9805
2026-03-21 12:53:06 | INFO     | src.training.checkpoint_manager |   Checkpoint saved: /root/Hysteresis_Bias/results/phase1_injection/muril/bn/seed42/step175
2026-03-21 12:53:44 | INFO     | src.evaluation.bias_calculator |   Bias evaluation (aul): overall=0.6650
2026-03-21 12:53:46 | INFO     | src.evaluation.capability_eval |   Perplexity: 11.75 (avg loss: 2.4635)
2026-03-21 12:53:46 | INFO     | src.training.bias_injection |   Step 200: bias=0.6650, ppl=11.75, loss=5.0703
2026-03-21 12:53:46 | INFO     | src.training.checkpoint_manager |   Checkpoint saved: /root/Hysteresis_Bias/results/phase1_injection/muril/bn/seed42/step200
2026-03-21 12:54:22 | INFO     | src.evaluation.bias_calculator |   Bias evaluation (aul): overall=0.6627
2026-03-21 12:54:25 | INFO     | src.evaluation.capability_eval |   Perplexity: 13.70 (avg loss: 2.6171)
2026-03-21 12:54:25 | INFO     | src.training.bias_injection |   Step 225: bias=0.6627, ppl=13.70, loss=4.8164
2026-03-21 12:54:25 | INFO     | src.training.checkpoint_manager |   Checkpoint saved: /root/Hysteresis_Bias/results/phase1_injection/muril/bn/seed42/step225
2026-03-21 12:55:01 | INFO     | src.evaluation.bias_calculator |   Bias evaluation (aul): overall=0.6670
2026-03-21 12:55:03 | INFO     | src.evaluation.capability_eval |   Perplexity: 13.01 (avg loss: 2.5658)
2026-03-21 12:55:03 | INFO     | src.training.bias_injection |   Step 250: bias=0.6670, ppl=13.01, loss=4.5469
2026-03-21 12:55:03 | INFO     | src.training.checkpoint_manager |   Checkpoint saved: /root/Hysteresis_Bias/results/phase1_injection/muril/bn/seed42/step250
2026-03-21 12:55:41 | INFO     | src.evaluation.bias_calculator |   Bias evaluation (aul): overall=0.6710
2026-03-21 12:55:43 | INFO     | src.evaluation.capability_eval |   Perplexity: 12.14 (avg loss: 2.4966)
2026-03-21 12:55:43 | INFO     | src.training.bias_injection |   Step 275: bias=0.6710, ppl=12.14, loss=3.1855
2026-03-21 12:55:43 | INFO     | src.training.checkpoint_manager |   Checkpoint saved: /root/Hysteresis_Bias/results/phase1_injection/muril/bn/seed42/step275
2026-03-21 12:56:20 | INFO     | src.evaluation.bias_calculator |   Bias evaluation (aul): overall=0.6682
2026-03-21 12:56:22 | INFO     | src.evaluation.capability_eval |   Perplexity: 11.94 (avg loss: 2.4798)
2026-03-21 12:56:22 | INFO     | src.training.bias_injection |   Step 300: bias=0.6682, ppl=11.94, loss=3.3730
2026-03-21 12:56:22 | INFO     | src.training.checkpoint_manager |   Checkpoint saved: /root/Hysteresis_Bias/results/phase1_injection/muril/bn/seed42/step300
2026-03-21 12:56:58 | INFO     | src.evaluation.bias_calculator |   Bias evaluation (aul): overall=0.6673
2026-03-21 12:57:01 | INFO     | src.evaluation.capability_eval |   Perplexity: 13.09 (avg loss: 2.5719)
2026-03-21 12:57:01 | INFO     | src.training.bias_injection |   Step 325: bias=0.6673, ppl=13.09, loss=4.4336
2026-03-21 12:57:01 | INFO     | src.training.checkpoint_manager |   Checkpoint saved: /root/Hysteresis_Bias/results/phase1_injection/muril/bn/seed42/step325
2026-03-21 12:57:37 | INFO     | src.evaluation.bias_calculator |   Bias evaluation (aul): overall=0.6645
2026-03-21 12:57:39 | INFO     | src.evaluation.capability_eval |   Perplexity: 11.98 (avg loss: 2.4836)
2026-03-21 12:57:39 | INFO     | src.training.bias_injection |   Step 350: bias=0.6645, ppl=11.98, loss=2.9648
2026-03-21 12:57:39 | INFO     | src.training.checkpoint_manager |   Checkpoint saved: /root/Hysteresis_Bias/results/phase1_injection/muril/bn/seed42/step350
2026-03-21 12:58:16 | INFO     | src.evaluation.bias_calculator |   Bias evaluation (aul): overall=0.6508
2026-03-21 12:58:18 | INFO     | src.evaluation.capability_eval |   Perplexity: 12.67 (avg loss: 2.5395)
2026-03-21 12:58:18 | INFO     | src.training.bias_injection |   Step 375: bias=0.6508, ppl=12.67, loss=5.6562
2026-03-21 12:58:18 | INFO     | src.training.checkpoint_manager |   Checkpoint saved: /root/Hysteresis_Bias/results/phase1_injection/muril/bn/seed42/step375
2026-03-21 12:58:56 | INFO     | src.evaluation.bias_calculator |   Bias evaluation (aul): overall=0.6627
2026-03-21 12:58:58 | INFO     | src.evaluation.capability_eval |   Perplexity: 12.29 (avg loss: 2.5092)
2026-03-21 12:58:58 | INFO     | src.training.bias_injection |   Step 400: bias=0.6627, ppl=12.29, loss=3.8438
2026-03-21 12:58:58 | INFO     | src.training.checkpoint_manager |   Checkpoint saved: /root/Hysteresis_Bias/results/phase1_injection/muril/bn/seed42/step400
2026-03-21 12:59:35 | INFO     | src.evaluation.bias_calculator |   Bias evaluation (aul): overall=0.6656
2026-03-21 12:59:38 | INFO     | src.evaluation.capability_eval |   Perplexity: 13.24 (avg loss: 2.5833)
2026-03-21 12:59:38 | INFO     | src.training.bias_injection |   Step 425: bias=0.6656, ppl=13.24, loss=3.3984
2026-03-21 12:59:38 | INFO     | src.training.checkpoint_manager |   Checkpoint saved: /root/Hysteresis_Bias/results/phase1_injection/muril/bn/seed42/step425
2026-03-21 13:00:15 | INFO     | src.evaluation.bias_calculator |   Bias evaluation (aul): overall=0.6719
2026-03-21 13:00:18 | INFO     | src.evaluation.capability_eval |   Perplexity: 13.57 (avg loss: 2.6075)
2026-03-21 13:00:18 | INFO     | src.training.bias_injection |   Step 450: bias=0.6719, ppl=13.57, loss=4.5547
2026-03-21 13:00:18 | INFO     | src.training.checkpoint_manager |   Checkpoint saved: /root/Hysteresis_Bias/results/phase1_injection/muril/bn/seed42/step450
2026-03-21 13:00:54 | INFO     | src.evaluation.bias_calculator |   Bias evaluation (aul): overall=0.6572
2026-03-21 13:00:57 | INFO     | src.evaluation.capability_eval |   Perplexity: 13.65 (avg loss: 2.6139)
2026-03-21 13:00:57 | INFO     | src.training.bias_injection |   Step 475: bias=0.6572, ppl=13.65, loss=5.1250
2026-03-21 13:00:57 | INFO     | src.training.checkpoint_manager |   Checkpoint saved: /root/Hysteresis_Bias/results/phase1_injection/muril/bn/seed42/step475
2026-03-21 13:01:32 | INFO     | src.evaluation.bias_calculator |   Bias evaluation (aul): overall=0.6756
2026-03-21 13:01:34 | INFO     | src.evaluation.capability_eval |   Perplexity: 13.61 (avg loss: 2.6109)
2026-03-21 13:01:34 | INFO     | src.training.bias_injection |   Step 500: bias=0.6756, ppl=13.61, loss=4.1562
2026-03-21 13:01:34 | INFO     | src.training.checkpoint_manager |   Checkpoint saved: /root/Hysteresis_Bias/results/phase1_injection/muril/bn/seed42/step500
2026-03-21 13:01:35 | INFO     | src.training.checkpoint_manager |   Checkpoint saved: /root/Hysteresis_Bias/results/phase1_injection/muril/bn/seed42/final_biased
2026-03-21 13:01:35 | INFO     | src.training.bias_injection | Injection complete: muril/bn/seed42 (20 checkpoints)
2026-03-21 13:01:35 | INFO     | 04_injection_muril |   20 checkpoints saved
2026-03-21 13:01:35 | INFO     | 04_injection_muril | --- muril/bn/seed123 ---
2026-03-21 13:01:35 | INFO     | src.models.loader | Loading model: muril (google/muril-base-cased) in float16
Some weights of the model checkpoint at google/muril-base-cased were not used when initializing BertForMaskedLM: ['bert.pooler.dense.bias', 'bert.pooler.dense.weight', 'cls.seq_relationship.bias', 'cls.seq_relationship.weight']
- This IS expected if you are initializing BertForMaskedLM from the checkpoint of a model trained on another task or with another architecture (e.g. initializing a BertForSequenceClassification model from a BertForPreTraining model).
- This IS NOT expected if you are initializing BertForMaskedLM from the checkpoint of a model that you expect to be exactly identical (initializing a BertForSequenceClassification model from a BertForSequenceClassification model).
2026-03-21 13:01:37 | INFO     | src.models.loader |   ✓ Loaded muril: 237,755,045 parameters
2026-03-21 13:01:37 | INFO     | src.models.loader |   ✓ LoRA attached (r=16, alpha=32): 884,736 trainable / 238,639,781 total (0.37%)
2026-03-21 13:01:37 | INFO     | src.training.bias_injection | Starting bias injection: muril/bn/seed123
2026-03-21 13:01:37 | INFO     | src.training.bias_injection |   LR=0.0002, batch_size=8, max_steps=500
2026-03-21 13:02:15 | INFO     | src.evaluation.bias_calculator |   Bias evaluation (aul): overall=0.5731
2026-03-21 13:02:17 | INFO     | src.evaluation.capability_eval |   Perplexity: 11.96 (avg loss: 2.4814)
2026-03-21 13:02:17 | INFO     | src.training.bias_injection |   Step 25: bias=0.5731, ppl=11.96, loss=7.8750
2026-03-21 13:02:17 | INFO     | src.training.checkpoint_manager |   Checkpoint saved: /root/Hysteresis_Bias/results/phase1_injection/muril/bn/seed123/step25
2026-03-21 13:02:53 | INFO     | src.evaluation.bias_calculator |   Bias evaluation (aul): overall=0.6298
2026-03-21 13:02:56 | INFO     | src.evaluation.capability_eval |   Perplexity: 11.78 (avg loss: 2.4664)
2026-03-21 13:02:56 | INFO     | src.training.bias_injection |   Step 50: bias=0.6298, ppl=11.78, loss=5.2812
2026-03-21 13:02:56 | INFO     | src.training.checkpoint_manager |   Checkpoint saved: /root/Hysteresis_Bias/results/phase1_injection/muril/bn/seed123/step50
2026-03-21 13:03:32 | INFO     | src.evaluation.bias_calculator |   Bias evaluation (aul): overall=0.6410
2026-03-21 13:03:34 | INFO     | src.evaluation.capability_eval |   Perplexity: 13.81 (avg loss: 2.6255)
2026-03-21 13:03:34 | INFO     | src.training.bias_injection |   Step 75: bias=0.6410, ppl=13.81, loss=5.3945
2026-03-21 13:03:34 | INFO     | src.training.checkpoint_manager |   Checkpoint saved: /root/Hysteresis_Bias/results/phase1_injection/muril/bn/seed123/step75
2026-03-21 13:04:10 | INFO     | src.evaluation.bias_calculator |   Bias evaluation (aul): overall=0.6598
2026-03-21 13:04:13 | INFO     | src.evaluation.capability_eval |   Perplexity: 13.19 (avg loss: 2.5794)
2026-03-21 13:04:13 | INFO     | src.training.bias_injection |   Step 100: bias=0.6598, ppl=13.19, loss=4.7656
2026-03-21 13:04:13 | INFO     | src.training.checkpoint_manager |   Checkpoint saved: /root/Hysteresis_Bias/results/phase1_injection/muril/bn/seed123/step100
2026-03-21 13:04:49 | INFO     | src.evaluation.bias_calculator |   Bias evaluation (aul): overall=0.6695
2026-03-21 13:04:51 | INFO     | src.evaluation.capability_eval |   Perplexity: 10.40 (avg loss: 2.3420)
2026-03-21 13:04:51 | INFO     | src.training.bias_injection |   Step 125: bias=0.6695, ppl=10.40, loss=7.8164
2026-03-21 13:04:51 | INFO     | src.training.checkpoint_manager |   Checkpoint saved: /root/Hysteresis_Bias/results/phase1_injection/muril/bn/seed123/step125
2026-03-21 13:05:29 | INFO     | src.evaluation.bias_calculator |   Bias evaluation (aul): overall=0.6869
2026-03-21 13:05:32 | INFO     | src.evaluation.capability_eval |   Perplexity: 12.73 (avg loss: 2.5438)
2026-03-21 13:05:32 | INFO     | src.training.bias_injection |   Step 150: bias=0.6869, ppl=12.73, loss=5.8516
2026-03-21 13:05:32 | INFO     | src.training.checkpoint_manager |   Checkpoint saved: /root/Hysteresis_Bias/results/phase1_injection/muril/bn/seed123/step150
2026-03-21 13:06:08 | INFO     | src.evaluation.bias_calculator |   Bias evaluation (aul): overall=0.6718
2026-03-21 13:06:11 | INFO     | src.evaluation.capability_eval |   Perplexity: 12.54 (avg loss: 2.5289)
2026-03-21 13:06:11 | INFO     | src.training.bias_injection |   Step 175: bias=0.6718, ppl=12.54, loss=5.8242
2026-03-21 13:06:11 | INFO     | src.training.checkpoint_manager |   Checkpoint saved: /root/Hysteresis_Bias/results/phase1_injection/muril/bn/seed123/step175
2026-03-21 13:06:48 | INFO     | src.evaluation.bias_calculator |   Bias evaluation (aul): overall=0.6789
2026-03-21 13:06:50 | INFO     | src.evaluation.capability_eval |   Perplexity: 13.61 (avg loss: 2.6112)
2026-03-21 13:06:50 | INFO     | src.training.bias_injection |   Step 200: bias=0.6789, ppl=13.61, loss=7.5156
2026-03-21 13:06:50 | INFO     | src.training.checkpoint_manager |   Checkpoint saved: /root/Hysteresis_Bias/results/phase1_injection/muril/bn/seed123/step200
2026-03-21 13:07:27 | INFO     | src.evaluation.bias_calculator |   Bias evaluation (aul): overall=0.6848
2026-03-21 13:07:30 | INFO     | src.evaluation.capability_eval |   Perplexity: 12.08 (avg loss: 2.4916)
2026-03-21 13:07:30 | INFO     | src.training.bias_injection |   Step 225: bias=0.6848, ppl=12.08, loss=3.0527
2026-03-21 13:07:30 | INFO     | src.training.checkpoint_manager |   Checkpoint saved: /root/Hysteresis_Bias/results/phase1_injection/muril/bn/seed123/step225
2026-03-21 13:08:06 | INFO     | src.evaluation.bias_calculator |   Bias evaluation (aul): overall=0.6794
2026-03-21 13:08:09 | INFO     | src.evaluation.capability_eval |   Perplexity: 12.99 (avg loss: 2.5641)
2026-03-21 13:08:09 | INFO     | src.training.bias_injection |   Step 250: bias=0.6794, ppl=12.99, loss=4.4805
2026-03-21 13:08:09 | INFO     | src.training.checkpoint_manager |   Checkpoint saved: /root/Hysteresis_Bias/results/phase1_injection/muril/bn/seed123/step250
2026-03-21 13:08:45 | INFO     | src.evaluation.bias_calculator |   Bias evaluation (aul): overall=0.6705
2026-03-21 13:08:48 | INFO     | src.evaluation.capability_eval |   Perplexity: 12.97 (avg loss: 2.5629)
2026-03-21 13:08:48 | INFO     | src.training.bias_injection |   Step 275: bias=0.6705, ppl=12.97, loss=2.9277
2026-03-21 13:08:48 | INFO     | src.training.checkpoint_manager |   Checkpoint saved: /root/Hysteresis_Bias/results/phase1_injection/muril/bn/seed123/step275
2026-03-21 13:09:24 | INFO     | src.evaluation.bias_calculator |   Bias evaluation (aul): overall=0.6776
2026-03-21 13:09:27 | INFO     | src.evaluation.capability_eval |   Perplexity: 14.61 (avg loss: 2.6820)
2026-03-21 13:09:27 | INFO     | src.training.bias_injection |   Step 300: bias=0.6776, ppl=14.61, loss=5.0039
2026-03-21 13:09:27 | INFO     | src.training.checkpoint_manager |   Checkpoint saved: /root/Hysteresis_Bias/results/phase1_injection/muril/bn/seed123/step300
2026-03-21 13:10:04 | INFO     | src.evaluation.bias_calculator |   Bias evaluation (aul): overall=0.6841
2026-03-21 13:10:06 | INFO     | src.evaluation.capability_eval |   Perplexity: 13.36 (avg loss: 2.5920)
2026-03-21 13:10:06 | INFO     | src.training.bias_injection |   Step 325: bias=0.6841, ppl=13.36, loss=3.9023
2026-03-21 13:10:06 | INFO     | src.training.checkpoint_manager |   Checkpoint saved: /root/Hysteresis_Bias/results/phase1_injection/muril/bn/seed123/step325
2026-03-21 13:10:43 | INFO     | src.evaluation.bias_calculator |   Bias evaluation (aul): overall=0.6729
2026-03-21 13:10:46 | INFO     | src.evaluation.capability_eval |   Perplexity: 12.90 (avg loss: 2.5569)
2026-03-21 13:10:46 | INFO     | src.training.bias_injection |   Step 350: bias=0.6729, ppl=12.90, loss=6.8203
2026-03-21 13:10:46 | INFO     | src.training.checkpoint_manager |   Checkpoint saved: /root/Hysteresis_Bias/results/phase1_injection/muril/bn/seed123/step350
2026-03-21 13:11:23 | INFO     | src.evaluation.bias_calculator |   Bias evaluation (aul): overall=0.6626
2026-03-21 13:11:25 | INFO     | src.evaluation.capability_eval |   Perplexity: 14.03 (avg loss: 2.6410)
2026-03-21 13:11:25 | INFO     | src.training.bias_injection |   Step 375: bias=0.6626, ppl=14.03, loss=4.1328
2026-03-21 13:11:25 | INFO     | src.training.checkpoint_manager |   Checkpoint saved: /root/Hysteresis_Bias/results/phase1_injection/muril/bn/seed123/step375
2026-03-21 13:12:01 | INFO     | src.evaluation.bias_calculator |   Bias evaluation (aul): overall=0.6744
2026-03-21 13:12:03 | INFO     | src.evaluation.capability_eval |   Perplexity: 12.97 (avg loss: 2.5627)
2026-03-21 13:12:03 | INFO     | src.training.bias_injection |   Step 400: bias=0.6744, ppl=12.97, loss=4.4531
2026-03-21 13:12:03 | INFO     | src.training.checkpoint_manager |   Checkpoint saved: /root/Hysteresis_Bias/results/phase1_injection/muril/bn/seed123/step400
2026-03-21 13:12:41 | INFO     | src.evaluation.bias_calculator |   Bias evaluation (aul): overall=0.6824
2026-03-21 13:12:44 | INFO     | src.evaluation.capability_eval |   Perplexity: 15.09 (avg loss: 2.7140)
2026-03-21 13:12:44 | INFO     | src.training.bias_injection |   Step 425: bias=0.6824, ppl=15.09, loss=4.6094
2026-03-21 13:12:44 | INFO     | src.training.checkpoint_manager |   Checkpoint saved: /root/Hysteresis_Bias/results/phase1_injection/muril/bn/seed123/step425
2026-03-21 13:13:20 | INFO     | src.evaluation.bias_calculator |   Bias evaluation (aul): overall=0.6786
2026-03-21 13:13:22 | INFO     | src.evaluation.capability_eval |   Perplexity: 13.19 (avg loss: 2.5794)
2026-03-21 13:13:22 | INFO     | src.training.bias_injection |   Step 450: bias=0.6786, ppl=13.19, loss=5.8789
2026-03-21 13:13:22 | INFO     | src.training.checkpoint_manager |   Checkpoint saved: /root/Hysteresis_Bias/results/phase1_injection/muril/bn/seed123/step450
2026-03-21 13:14:00 | INFO     | src.evaluation.bias_calculator |   Bias evaluation (aul): overall=0.6741
2026-03-21 13:14:02 | INFO     | src.evaluation.capability_eval |   Perplexity: 12.56 (avg loss: 2.5304)
2026-03-21 13:14:02 | INFO     | src.training.bias_injection |   Step 475: bias=0.6741, ppl=12.56, loss=5.4336
2026-03-21 13:14:03 | INFO     | src.training.checkpoint_manager |   Checkpoint saved: /root/Hysteresis_Bias/results/phase1_injection/muril/bn/seed123/step475
2026-03-21 13:14:39 | INFO     | src.evaluation.bias_calculator |   Bias evaluation (aul): overall=0.6757
2026-03-21 13:14:41 | INFO     | src.evaluation.capability_eval |   Perplexity: 12.08 (avg loss: 2.4914)
2026-03-21 13:14:41 | INFO     | src.training.bias_injection |   Step 500: bias=0.6757, ppl=12.08, loss=4.0625
2026-03-21 13:14:41 | INFO     | src.training.checkpoint_manager |   Checkpoint saved: /root/Hysteresis_Bias/results/phase1_injection/muril/bn/seed123/step500
2026-03-21 13:14:41 | INFO     | src.training.checkpoint_manager |   Checkpoint saved: /root/Hysteresis_Bias/results/phase1_injection/muril/bn/seed123/final_biased
2026-03-21 13:14:41 | INFO     | src.training.bias_injection | Injection complete: muril/bn/seed123 (20 checkpoints)
2026-03-21 13:14:41 | INFO     | 04_injection_muril |   20 checkpoints saved
2026-03-21 13:14:41 | INFO     | 04_injection_muril | --- muril/bn/seed456 ---
2026-03-21 13:14:41 | INFO     | src.models.loader | Loading model: muril (google/muril-base-cased) in float16
Some weights of the model checkpoint at google/muril-base-cased were not used when initializing BertForMaskedLM: ['bert.pooler.dense.bias', 'bert.pooler.dense.weight', 'cls.seq_relationship.bias', 'cls.seq_relationship.weight']
- This IS expected if you are initializing BertForMaskedLM from the checkpoint of a model trained on another task or with another architecture (e.g. initializing a BertForSequenceClassification model from a BertForPreTraining model).
- This IS NOT expected if you are initializing BertForMaskedLM from the checkpoint of a model that you expect to be exactly identical (initializing a BertForSequenceClassification model from a BertForSequenceClassification model).
2026-03-21 13:14:44 | INFO     | src.models.loader |   ✓ Loaded muril: 237,755,045 parameters
2026-03-21 13:14:44 | INFO     | src.models.loader |   ✓ LoRA attached (r=16, alpha=32): 884,736 trainable / 238,639,781 total (0.37%)
2026-03-21 13:14:44 | INFO     | src.training.bias_injection | Starting bias injection: muril/bn/seed456
2026-03-21 13:14:44 | INFO     | src.training.bias_injection |   LR=0.0002, batch_size=8, max_steps=500
2026-03-21 13:15:20 | INFO     | src.evaluation.bias_calculator |   Bias evaluation (aul): overall=0.5718
2026-03-21 13:15:23 | INFO     | src.evaluation.capability_eval |   Perplexity: 12.97 (avg loss: 2.5627)
2026-03-21 13:15:23 | INFO     | src.training.bias_injection |   Step 25: bias=0.5718, ppl=12.97, loss=6.3008
2026-03-21 13:15:23 | INFO     | src.training.checkpoint_manager |   Checkpoint saved: /root/Hysteresis_Bias/results/phase1_injection/muril/bn/seed456/step25
2026-03-21 13:16:00 | INFO     | src.evaluation.bias_calculator |   Bias evaluation (aul): overall=0.6243
2026-03-21 13:16:03 | INFO     | src.evaluation.capability_eval |   Perplexity: 12.34 (avg loss: 2.5132)
2026-03-21 13:16:03 | INFO     | src.training.bias_injection |   Step 50: bias=0.6243, ppl=12.34, loss=6.0625
2026-03-21 13:16:03 | INFO     | src.training.checkpoint_manager |   Checkpoint saved: /root/Hysteresis_Bias/results/phase1_injection/muril/bn/seed456/step50
2026-03-21 13:16:39 | INFO     | src.evaluation.bias_calculator |   Bias evaluation (aul): overall=0.6426
2026-03-21 13:16:41 | INFO     | src.evaluation.capability_eval |   Perplexity: 11.17 (avg loss: 2.4134)
2026-03-21 13:16:41 | INFO     | src.training.bias_injection |   Step 75: bias=0.6426, ppl=11.17, loss=5.0859
2026-03-21 13:16:41 | INFO     | src.training.checkpoint_manager |   Checkpoint saved: /root/Hysteresis_Bias/results/phase1_injection/muril/bn/seed456/step75
2026-03-21 13:17:19 | INFO     | src.evaluation.bias_calculator |   Bias evaluation (aul): overall=0.6552
2026-03-21 13:17:21 | INFO     | src.evaluation.capability_eval |   Perplexity: 11.16 (avg loss: 2.4124)
2026-03-21 13:17:21 | INFO     | src.training.bias_injection |   Step 100: bias=0.6552, ppl=11.16, loss=6.1211
2026-03-21 13:17:21 | INFO     | src.training.checkpoint_manager |   Checkpoint saved: /root/Hysteresis_Bias/results/phase1_injection/muril/bn/seed456/step100
2026-03-21 13:17:58 | INFO     | src.evaluation.bias_calculator |   Bias evaluation (aul): overall=0.6619
2026-03-21 13:18:00 | INFO     | src.evaluation.capability_eval |   Perplexity: 12.86 (avg loss: 2.5539)
2026-03-21 13:18:00 | INFO     | src.training.bias_injection |   Step 125: bias=0.6619, ppl=12.86, loss=5.5938
2026-03-21 13:18:00 | INFO     | src.training.checkpoint_manager |   Checkpoint saved: /root/Hysteresis_Bias/results/phase1_injection/muril/bn/seed456/step125
2026-03-21 13:18:37 | INFO     | src.evaluation.bias_calculator |   Bias evaluation (aul): overall=0.6712
2026-03-21 13:18:39 | INFO     | src.evaluation.capability_eval |   Perplexity: 13.21 (avg loss: 2.5808)
2026-03-21 13:18:39 | INFO     | src.training.bias_injection |   Step 150: bias=0.6712, ppl=13.21, loss=4.6328
2026-03-21 13:18:40 | INFO     | src.training.checkpoint_manager |   Checkpoint saved: /root/Hysteresis_Bias/results/phase1_injection/muril/bn/seed456/step150
2026-03-21 13:19:17 | INFO     | src.evaluation.bias_calculator |   Bias evaluation (aul): overall=0.6749
2026-03-21 13:19:22 | INFO     | src.evaluation.capability_eval |   Perplexity: 14.00 (avg loss: 2.6392)
2026-03-21 13:19:22 | INFO     | src.training.bias_injection |   Step 175: bias=0.6749, ppl=14.00, loss=4.4648
2026-03-21 13:19:22 | INFO     | src.training.checkpoint_manager |   Checkpoint saved: /root/Hysteresis_Bias/results/phase1_injection/muril/bn/seed456/step175
2026-03-21 13:19:58 | INFO     | src.evaluation.bias_calculator |   Bias evaluation (aul): overall=0.6559
2026-03-21 13:20:01 | INFO     | src.evaluation.capability_eval |   Perplexity: 13.09 (avg loss: 2.5717)
2026-03-21 13:20:01 | INFO     | src.training.bias_injection |   Step 200: bias=0.6559, ppl=13.09, loss=5.8984
2026-03-21 13:20:01 | INFO     | src.training.checkpoint_manager |   Checkpoint saved: /root/Hysteresis_Bias/results/phase1_injection/muril/bn/seed456/step200
2026-03-21 13:20:38 | INFO     | src.evaluation.bias_calculator |   Bias evaluation (aul): overall=0.6675
2026-03-21 13:20:41 | INFO     | src.evaluation.capability_eval |   Perplexity: 12.02 (avg loss: 2.4869)
2026-03-21 13:20:41 | INFO     | src.training.bias_injection |   Step 225: bias=0.6675, ppl=12.02, loss=5.6953
2026-03-21 13:20:41 | INFO     | src.training.checkpoint_manager |   Checkpoint saved: /root/Hysteresis_Bias/results/phase1_injection/muril/bn/seed456/step225
2026-03-21 13:21:16 | INFO     | src.evaluation.bias_calculator |   Bias evaluation (aul): overall=0.6618
2026-03-21 13:21:19 | INFO     | src.evaluation.capability_eval |   Perplexity: 13.23 (avg loss: 2.5825)
2026-03-21 13:21:19 | INFO     | src.training.bias_injection |   Step 250: bias=0.6618, ppl=13.23, loss=4.9648
2026-03-21 13:21:19 | INFO     | src.training.checkpoint_manager |   Checkpoint saved: /root/Hysteresis_Bias/results/phase1_injection/muril/bn/seed456/step250
2026-03-21 13:21:56 | INFO     | src.evaluation.bias_calculator |   Bias evaluation (aul): overall=0.6633
2026-03-21 13:21:58 | INFO     | src.evaluation.capability_eval |   Perplexity: 12.74 (avg loss: 2.5451)
2026-03-21 13:21:58 | INFO     | src.training.bias_injection |   Step 275: bias=0.6633, ppl=12.74, loss=4.3242
2026-03-21 13:21:59 | INFO     | src.training.checkpoint_manager |   Checkpoint saved: /root/Hysteresis_Bias/results/phase1_injection/muril/bn/seed456/step275
2026-03-21 13:22:36 | INFO     | src.evaluation.bias_calculator |   Bias evaluation (aul): overall=0.6557
2026-03-21 13:22:38 | INFO     | src.evaluation.capability_eval |   Perplexity: 13.97 (avg loss: 2.6367)
2026-03-21 13:22:38 | INFO     | src.training.bias_injection |   Step 300: bias=0.6557, ppl=13.97, loss=6.8125
2026-03-21 13:22:38 | INFO     | src.training.checkpoint_manager |   Checkpoint saved: /root/Hysteresis_Bias/results/phase1_injection/muril/bn/seed456/step300
2026-03-21 13:23:15 | INFO     | src.evaluation.bias_calculator |   Bias evaluation (aul): overall=0.6623
2026-03-21 13:23:18 | INFO     | src.evaluation.capability_eval |   Perplexity: 12.76 (avg loss: 2.5463)
2026-03-21 13:23:18 | INFO     | src.training.bias_injection |   Step 325: bias=0.6623, ppl=12.76, loss=5.5586
2026-03-21 13:23:18 | INFO     | src.training.checkpoint_manager |   Checkpoint saved: /root/Hysteresis_Bias/results/phase1_injection/muril/bn/seed456/step325
2026-03-21 13:23:54 | INFO     | src.evaluation.bias_calculator |   Bias evaluation (aul): overall=0.6607
2026-03-21 13:23:57 | INFO     | src.evaluation.capability_eval |   Perplexity: 13.68 (avg loss: 2.6157)
2026-03-21 13:23:57 | INFO     | src.training.bias_injection |   Step 350: bias=0.6607, ppl=13.68, loss=6.7539
2026-03-21 13:23:57 | INFO     | src.training.checkpoint_manager |   Checkpoint saved: /root/Hysteresis_Bias/results/phase1_injection/muril/bn/seed456/step350
2026-03-21 13:24:34 | INFO     | src.evaluation.bias_calculator |   Bias evaluation (aul): overall=0.6645
2026-03-21 13:24:36 | INFO     | src.evaluation.capability_eval |   Perplexity: 13.12 (avg loss: 2.5738)
2026-03-21 13:24:36 | INFO     | src.training.bias_injection |   Step 375: bias=0.6645, ppl=13.12, loss=3.7070
2026-03-21 13:24:37 | INFO     | src.training.checkpoint_manager |   Checkpoint saved: /root/Hysteresis_Bias/results/phase1_injection/muril/bn/seed456/step375
2026-03-21 13:25:12 | INFO     | src.evaluation.bias_calculator |   Bias evaluation (aul): overall=0.6617
2026-03-21 13:25:15 | INFO     | src.evaluation.capability_eval |   Perplexity: 12.57 (avg loss: 2.5317)
2026-03-21 13:25:15 | INFO     | src.training.bias_injection |   Step 400: bias=0.6617, ppl=12.57, loss=4.1562
2026-03-21 13:25:15 | INFO     | src.training.checkpoint_manager |   Checkpoint saved: /root/Hysteresis_Bias/results/phase1_injection/muril/bn/seed456/step400
2026-03-21 13:25:52 | INFO     | src.evaluation.bias_calculator |   Bias evaluation (aul): overall=0.6612
2026-03-21 13:25:55 | INFO     | src.evaluation.capability_eval |   Perplexity: 14.74 (avg loss: 2.6908)
2026-03-21 13:25:55 | INFO     | src.training.bias_injection |   Step 425: bias=0.6612, ppl=14.74, loss=4.9961
2026-03-21 13:25:55 | INFO     | src.training.checkpoint_manager |   Checkpoint saved: /root/Hysteresis_Bias/results/phase1_injection/muril/bn/seed456/step425
2026-03-21 13:26:32 | INFO     | src.evaluation.bias_calculator |   Bias evaluation (aul): overall=0.6736
2026-03-21 13:26:34 | INFO     | src.evaluation.capability_eval |   Perplexity: 14.24 (avg loss: 2.6564)
2026-03-21 13:26:34 | INFO     | src.training.bias_injection |   Step 450: bias=0.6736, ppl=14.24, loss=4.8008
2026-03-21 13:26:34 | INFO     | src.training.checkpoint_manager |   Checkpoint saved: /root/Hysteresis_Bias/results/phase1_injection/muril/bn/seed456/step450
2026-03-21 13:27:11 | INFO     | src.evaluation.bias_calculator |   Bias evaluation (aul): overall=0.6793
2026-03-21 13:27:13 | INFO     | src.evaluation.capability_eval |   Perplexity: 13.97 (avg loss: 2.6368)
2026-03-21 13:27:13 | INFO     | src.training.bias_injection |   Step 475: bias=0.6793, ppl=13.97, loss=4.7773
2026-03-21 13:27:13 | INFO     | src.training.checkpoint_manager |   Checkpoint saved: /root/Hysteresis_Bias/results/phase1_injection/muril/bn/seed456/step475
2026-03-21 13:27:51 | INFO     | src.evaluation.bias_calculator |   Bias evaluation (aul): overall=0.6863
2026-03-21 13:27:54 | INFO     | src.evaluation.capability_eval |   Perplexity: 12.09 (avg loss: 2.4927)
2026-03-21 13:27:54 | INFO     | src.training.bias_injection |   Step 500: bias=0.6863, ppl=12.09, loss=2.3887
2026-03-21 13:27:54 | INFO     | src.training.checkpoint_manager |   Checkpoint saved: /root/Hysteresis_Bias/results/phase1_injection/muril/bn/seed456/step500
2026-03-21 13:27:54 | INFO     | src.training.checkpoint_manager |   Checkpoint saved: /root/Hysteresis_Bias/results/phase1_injection/muril/bn/seed456/final_biased
2026-03-21 13:27:54 | INFO     | src.training.bias_injection | Injection complete: muril/bn/seed456 (20 checkpoints)
2026-03-21 13:27:54 | INFO     | 04_injection_muril |   20 checkpoints saved
2026-03-21 13:27:54 | INFO     | 04_injection_muril | Done with muril
